,Level,Capital,City Proper,Urban Conglomeration,
Algeria,0,,,,
Adrar,1,0,200834,0,
Ain Defla,1,0,450280,0,
Ain Temouchent,1,0,299341,0,
ALGIERS,1,1,2712944,0,
Annaba,1,0,442230,0,
Batna,1,0,768444,0,
Béchar,1,0,236213,0,
Bejaïa,1,0,559981,0,
Beskra,1,0,563245,0,
Bordj Bou Arreridj,1,0,422986,0,
Bouira,1,0,372196,0,
Boumerdes,1,0,459250,0,
Chlef,1,0,521070,0,
El Bayadh,1,0,192958,0,
El Boulaïda,1,0,719515,0,
El Djelfa,1,0,825411,0,
El Oued,1,0,495573,0,
El Tarf,1,0,230157,0,
Ghardaïa,1,0,355701,0,
Ghilizane,1,0,432386,0,
Guelma,1,0,363716,0,
Jijel,1,0,391096,0,
Khenchela,1,0,288849,0,
Laghouat,1,0,371204,0,
Lemdiyya,1,0,519383,0,
Mestghanem,1,0,338143,0,
Mila,1,0,440735,0,
Mouaskar,1,0,513432,0,
M'Sila,1,0,666848,0,
Naama,1,0,160381,0,
Oum El Bouaghi,1,0,467997,0,
Qacentina,1,0,717646,0,
Saïda,1,0,248939,0,
Sidi,1,0,517836,0,
Skikda,1,0,543402,0,
Souq Ahras,1,0,308319,0,
Stif,1,0,856457,0,
Tamanrasset,1,0,136822,0,
Tbessa,1,0,515786,0,
Tihert,1,0,637991,0,
Tilimsen,1,0,672490,0,
Tipaza,1,0,343838,0,
Tissemsilt,1,0,193011,0,
Tizi Ouzou,1,0,585775,0,
Wahran,1,0,1165687,0,
Wargla,1,0,473543,0,
Angola,0,,,,
Benguela,1,0,0,623777,
Cabinda,1,0,0,699053,
Cazengo,1,0,0,192036,
Cuanhama,1,0,0,424306,
Cuito,1,0,0,512706,
Dande,1,0,0,267879,
Huambo,1,0,0,815685,
LUANDA,1,1,0,2487444,
Lubango,1,0,0,876339,
Lucapa,1,0,0,173862,
Luena,1,0,0,283387,
Malanje,1,0,0,569474,
M'banza,1,0,0,205272,
Menongue,1,0,0,513374,
Namibe,1,0,0,335892,
Saurimo,1,0,0,501904,
Sumbe,1,0,0,313894,
Uíge,1,0,0,581835,
Benin,0,,,,
Cotonou,1,0,679012,0,
Parakou,1,0,255478,0,
PORTO,1,1,264320,0,
Botswana,0,,,,
Francistown,1,0,110077,0,
GABORONE,1,1,264311,0,
Burkina Faso,0,,,,
Banfora,1,0,75917,109824,
Bobo Dioulasso,1,0,489967,554042,
Dori,1,0,21078,106808,
Fada N'gourma,1,0,41785,124577,
Gorom,1,0,8882,106346,
Kaya,1,0,54365,117122,
Koudougou,1,0,88184,138209,
OUAGADOUGOU,1,1,1475223,1475223,
Ouahigouya,1,0,73153,125030,
Solenzo,1,0,16850,121819,
Tenkodogo,1,0,44491,124985,
Burundi,0,,,,
BUJUMBURA,1,1,497169,0,
Cabo Verde,0,,,,
PRAIA,1,1,0,133863,
Cameroon,0,,,,
Douala,1,0,2948464,0,
YAOUNDE,1,1,2873567,0,
Côte d'Ivoire,0,,,,
Abengourou,1,0,100910,0,
Abidjan,1,0,4395243,0,
Anyama,1,0,103297,0,
Bouake,1,0,536719,0,
Daloa,1,0,245360,0,
Divo,1,0,105397,0,
Gagnoa,1,0,160465,0,
Korhogo,1,0,243048,0,
Man,1,0,148945,0,
San Pédro,1,0,164944,0,
Soubre,1,0,101196,0,
YAMOUSSOUKRO,1,1,212670,0,
Djibouti,0,,,,
DJIBOUTI,1,1,475322,0,
Egypt,0,,,,
Alexandria,1,0,0,5163750,
CAIRO,1,1,0,9539673,
Port Said,1,0,0,749371,
Suez,1,0,0,728180,
Equatorial Guinea,0,,,,
MALABO,1,1,0,211276,
Eritrea,0,,,,
ASMARA,1,1,501203,0,
Ethiopia,0,,,,
ADDIS ABABA,1,1,4215965,0,
Awassa,1,0,241825,0,
Bahir Dar,1,0,239192,0,
Debre Zeit,1,0,153782,0,
Dessie,1,0,184817,0,
Dire Dawa,1,0,358914,0,
Gondar,1,0,318625,0,
Harar,1,0,152920,0,
Jimma,1,0,186148,0,
Mekele,1,0,471545,0,
Nazareth,1,0,338890,0,
Gabon,0,,,,
Franceville,1,0,0,110568,
LIBREVILLE,1,1,0,703939,
Port,1,0,0,136462,
Ghana,0,,,,
ACCRA,1,1,1594419,0,
Ashiaman,1,0,190972,0,
Koforidua,1,0,122300,0,
Kumasi,1,0,1730249,0,
Madina,1,0,111926,0,
Obuasi,1,0,168641,0,
Tamale,1,0,223252,0,
Tema,1,0,292773,0,
Guinea,0,,,,
Boke,1,0,185548,0,
CONAKRY,1,1,1659785,1879695,
Coyah,1,0,216928,0,
Dubreka,1,0,157017,0,
Kankan,1,0,190722,0,
Kindia,1,0,138695,0,
Nzérékoré,1,0,195027,0,
Siguiri,1,0,127492,0,
Guinea-Bissau,0,,,,
BISSAU,1,1,387909,0,
Kenya,0,,,,
Eldoret,1,0,247500,312351,
Garissa,1,0,109224,115744,
Kangundo,1,0,13119,205603,
Karuri,1,0,107754,115731,
Kikuyu,1,0,200285,264714,
Kisumu,1,0,254016,383444,
Machakos,1,0,40819,109648,
Mavoko/AthiRiver,1,0,108924,135571,
Mombasa,1,0,905627,925137,
NAIROBI,1,1,3109861,0,
Nakuru,1,0,343395,367183,
Ngong,1,0,103927,107042,
Ruiru,1,0,238329,240226,
Thika,1,0,136386,151225,
Lesotho,0,,,,
MASERU,1,1,330760,0,
Liberia,0,,,,
MONROVIA,1,1,0,970824,
Madagascar,0,,,,
ANTANANARIVO,1,1,0,1521898,
Antsirabe,1,0,0,279382,
Antsiranana,1,0,0,134742,
Fianarantsoa,1,0,0,222961,
Mahajanga,1,0,0,258471,
Toamasina,1,0,0,321778,
Toliara,1,0,0,183588,
Malawi,0,,,,
Blantyre City,1,0,800264,0,
LILONGWE,1,1,989318,0,
Mzuzu City,1,0,221272,0,
Zomba City,1,0,105013,0,
Mali,0,,,,
BAMAKO,1,1,0,1810366,
Kayes,1,0,0,149129,
Koutiala,1,0,0,141444,
Mopti,1,0,0,120786,
Ségou,1,0,0,133501,
Sikasso,1,0,0,226618,
Mauritania,0,,,,
Nouadhibou,1,0,118167,0,
NOUAKCHOTT,1,1,958399,0,
Mauritius,0,,,,
Beau Bassin,1,0,104086,0,
PORT LOUIS,1,1,147448,0,
Vacoas,1,0,106022,0,
Morocco,0,,,,
Agadir,1,0,505765,598484,
Al Hoceima,1,0,137024,399586,
Azilal,1,0,100327,553121,
Béni,1,0,325405,549559,
Benslimane,1,0,113341,232509,
Berkane,1,0,182203,288807,
Berrechid,1,0,272356,482119,
Casablanca,1,0,3352399,3352399,
Chtouka,1,0,111522,369706,
El Hajeb,1,0,121226,246461,
El Kelâa des Sraghna,1,0,152900,536191,
El,1,0,311038,784432,
Errachidia,1,0,193748,418069,
Essaouira,1,0,106319,450569,
Fès,1,0,1126551,1146967,
Fquih Ben Salah,1,0,204732,502021,
Guelmim,1,0,138788,187428,
Inezgane ait Melloul,1,0,511209,538786,
Kénitra,1,0,604206,1058359,
Khemisset,1,0,279890,541868,
Khénifra,1,0,228509,370952,
Khouribga,1,0,376829,541365,
Laayoune,1,0,234870,237384,
Larache,1,0,264802,496264,
Marrakech,1,0,978045,1325571,
M'Diq,1,0,196586,208337,
Médiouna,1,0,119054,171684,
Meknès,1,0,685408,833456,
Midelt,1,0,124684,288757,
Mohammedia,1,0,288131,403087,
Nador,1,0,390913,564354,
Nouaceur,1,0,271052,331651,
Ouarzazate,1,0,113230,297018,
Oued Ed,1,0,105193,125747,
Oujda,1,0,504480,550406,
RABAT,1,1,578644,578644,
Rehamna,1,0,102715,314605,
Safi,1,0,345595,691128,
Salé,1,0,912957,979228,
Sefrou,1,0,154973,286009,
Settat,1,0,215665,633500,
Sidi Kacem,1,0,168302,521694,
Sidi Slimane,1,0,130576,319528,
Skhirate,1,0,512867,570855,
Tanger,1,0,998972,1059562,
Taourirt,1,0,149604,232712,
Taroudannt,1,0,247428,837797,
Taza,1,0,207719,528917,
Tétouan,1,0,396806,549062,
Youssoufia,1,0,100617,251692,
Mozambique,0,,,,
Beira,1,0,460904,0,
Chimoio,1,0,314751,0,
Lichinga,1,0,214614,0,
MAPUTO,1,1,1241702,0,
Matola,1,0,927123,0,
Maxixe,1,0,127372,0,
Nacala,1,0,241066,0,
Nampula,1,0,622423,0,
Pemba,1,0,199457,0,
Quelimane,1,0,241077,0,
Tete,1,0,213406,0,
Xai,1,0,128946,0,
Namibia,0,,,,
WINDHOEK,1,1,325858,0,
Niger,0,,,,
Maradi,1,0,267249,0,
NIAMEY,1,1,1026848,0,
Tahoua,1,0,149498,0,
Zinder,1,0,322935,0,
Republic of South Sudan,0,,,,
JUBA,1,1,230195,0,
Malakal,1,0,114528,0,
Wau,1,0,118331,0,
Reunion,0,,,,
SAINT,1,1,146985,179925,
Saint,1,0,105967,173967,
Rwanda,0,,,,
KIGALI,1,1,859332,0,
Saint Helena,0,,,,
JAMESTOWN,1,1,657,0,
Sao Tome and Principe,0,,,,
SAO TOME,1,1,0,49957,
Senegal,0,,,,
DAKAR,1,1,1056009,0,
Diourbel,1,0,279667,0,
Guediawaye,1,0,317464,0,
Kaolack,1,0,410577,0,
Mbour,1,0,605346,0,
Pikine,1,0,941245,0,
Rufisque,1,0,333032,0,
Saint Louis,1,0,277245,0,
Thiès,1,0,618436,0,
Ziguinchor,1,0,337295,0,
Seychelles,0,,,,
VICTORIA,1,1,0,26450,
Sierra Leone,0,,,,
Bo,1,0,174369,0,
FREETOWN,1,1,1055964,0,
Kenema,1,0,200443,0,
Makeni,1,0,124634,0,
Somalia,0,,,,
MOGADISHU,1,1,1212000,0,
South Africa,0,,,,
CAPE TOWN,1,1,433688,0,
Durban,1,0,595061,0,
Johannesburg,1,0,957441,0,
PRETORIA,1,1,741651,0,
Togo,0,,,,
Kara,1,0,104400,0,
LOME,1,1,0,1788600,
Sokode,1,0,101900,0,
Tunisia,0,,,,
Monastir,1,0,0,548828,
TUNIS,1,1,0,1056247,
Uganda,0,,,,
Gulu,1,0,0,149802,
Hoima,1,0,0,100126,
KAMPALA,1,1,1507114,0,
Kasese,1,0,0,101557,
Kira,1,0,0,317428,
Lugazi,1,0,0,114163,
Makindye Ssabagabo,1,0,0,282664,
Masaka,1,0,0,103293,
Mbarara,1,0,0,195160,
Mukono,1,0,0,162744,
Nansana,1,0,0,365857,
United Republic of Tanzania,0,,,,
Arusha,1,0,1000923,0,
Dar es Salaam,1,0,5147070,0,
DODOMA,1,1,506943,0,
Mbeya,1,0,471971,0,
Tanga,1,0,326515,0,
Western Sahara,0,,,,
EL AAIUN,1,1,169000,0,
Zambia,0,,,,
Chingola,1,0,216626,0,
Chipata,1,0,455783,0,
Kabwe,1,0,202360,0,
Kasama,1,0,231824,0,
Kitwe,1,0,517543,0,
Livingstone,1,0,139509,0,
Luanshya,1,0,156059,0,
LUSAKA,1,1,1747152,0,
Mufulira,1,0,162889,0,
Ndola,1,0,451246,0,
Zimbabwe,0,,,,
Bulawayo,1,0,653337,0,
Chitungwiza,1,0,356840,0,
HARARE,1,1,1485231,0,
Mutare,1,0,262124,0,
Anguilla,0,,,,
THE VALLEY,1,1,2812,0,
Aruba,0,,,,
ORANJESTAD,1,1,28295,0,
Bahamas,0,,,,
NASSAU,1,1,266100,0,
Belize,0,,,,
BELMOPAN,1,1,23038,0,
Bermuda,0,,,,
HAMILTON,1,1,854,0,
Canada,0,,,,
Abbotsford,1,0,153745,0,
Abbotsford,1,0,0,196007,
Ajax,1,0,126924,0,
Barrie,1,0,147685,210800,
Belleville,1,0,53971,109932,
Brampton,1,0,656977,0,
Brantford,1,0,104231,147548,
Burlington,1,0,189204,0,
Burnaby,1,0,248071,0,
Calgary,1,0,1311833,1486050,
Cambridge,1,0,136945,0,
Chatham,1,0,105445,105877,
Chilliwack,1,0,91346,110600,
Coquitlam,1,0,149391,0,
Delta,1,0,108724,0,
Edmonton,1,0,1004947,1420916,
Gatineau,1,0,282596,0,
Sudbury,1,0,168141,171471,
Guelph,1,0,140683,162612,
Halifax,1,0,430230,430512,
Hamilton,1,0,567979,786641,
Kamloops,1,0,97842,112361,
Kelowna,1,0,138513,212311,
Kingston,1,0,132943,173450,
Kitchener,1,0,254740,0,
Kitchener,1,0,0,567740,
Langley,1,0,128487,0,
Laval,1,0,432858,0,
Lethbridge,1,0,98960,124553,
Lévis V,1,0,146080,0,
London,1,0,414959,532984,
Longueuil,1,0,243921,0,
Markham,1,0,336445,0,
Milton,1,0,120558,0,
Mississauga,1,0,747651,0,
Moncton,1,0,75613,152604,
Montreal,1,0,1784420,4255541,
Nanaimo,1,0,97826,112881,
Oakville,1,0,206452,0,
Oshawa,1,0,169509,405631,
OTTAWA,1,1,1007501,0,
Ottawa,1,0,0,1414399,
Peterborough,1,0,86538,131283,
Québec,1,0,542602,817408,
Red Deer,1,0,104493,0,
Regina,1,0,233170,257337,
Richmond,1,0,209838,0,
Richmond Hill,1,0,199496,0,
Saanich,1,0,121032,0,
Saguenay,1,0,146436,162057,
Saint John,1,0,70455,130107,
Saskatoon,1,0,268188,322568,
Sherbrooke,1,0,166863,218797,
St. Catharines,1,0,139168,0,
St. Catharines,1,0,0,429036,
St. John's,1,0,110999,212501,
Surrey,1,0,568158,0,
Terrebonne,1,0,115484,0,
Thunder Bay,1,0,112014,126481,
Toronto,1,0,2956024,6341935,
Trois,1,0,136954,159078,
Vancouver,1,0,676593,2650005,
Vaughan,1,0,318279,0,
Victoria,1,0,92292,395523,
Waterloo,1,0,115921,0,
Whitby,1,0,135345,0,
Windsor,1,0,229787,349718,
Winnipeg,1,0,753674,832186,
Cayman Islands,0,,,,
GEORGE TOWN,1,1,28089,0,
Costa Rica,0,,,,
Alajuela,1,0,306206,0,
Cartago,1,0,161727,0,
Desamparados,1,0,240671,0,
Goicoechea,1,0,136112,0,
Heredia,1,0,140131,0,
La Unión,1,0,110194,0,
Pérez Zeledón,1,0,142789,0,
Pococí,1,0,146482,0,
Puntarenas,1,0,136328,0,
San Carlos,1,0,194207,0,
SAN JOSÉ,1,1,342188,0,
Cuba,0,,,,
Bayamo,1,0,159797,0,
Camagüey,1,0,307527,0,
Ciego de Ávila,1,0,120153,0,
Cienfuegos,1,0,151287,0,
Guantánamo,1,0,215847,0,
Holguín,1,0,296199,0,
HAVANA,1,1,2130517,0,
Las Tunas,1,0,171631,0,
Matanzas,1,0,141909,0,
Pinar del Río,1,0,144102,0,
Sancti Spíritus,1,0,108883,0,
Santa Clara,1,0,216498,0,
Santiago de Cuba,1,0,433540,0,
Dominican Republic,0,,,,
Bajos de Haina,1,0,136157,0,
Baní,1,0,166522,0,
Boca Chica,1,0,167784,0,
Bonao,1,0,131036,0,
Higüey,1,0,311001,0,
La Romana,1,0,152344,0,
La Vega,1,0,257145,0,
Los Alcarrizos,1,0,322256,0,
Moca,1,0,184611,0,
Puerto Plata,1,0,163663,0,
San Cristóbal,1,0,255184,0,
San Francisco de Macoris,1,0,193244,0,
San Juan de la Maguana,1,0,127548,0,
San Pedro de Macorís,1,0,203461,0,
Santiago de los Caballeros,1,0,739631,0,
SANTO DOMINGO,1,1,1029607,1029607,
Santo Domingo East,1,0,1121121,0,
Santo Domingo North,1,0,625430,0,
Santo Domingo West,1,0,429260,0,
El Salvador,0,,,,
Ahuachapán,1,0,129750,0,
Apopa,1,0,185073,0,
Ciudad Delgado,1,0,128012,0,
Ilopango,1,0,135703,0,
Mejicanos,1,0,144872,0,
San Martin,1,0,103245,0,
San Miguel,1,0,265921,0,
SAN SALVADOR,1,1,238244,0,
Santa Ana,1,0,272554,0,
Santa Tecla,1,0,138695,0,
Soyapango,1,0,283223,0,
Greenland,0,,,,
NUUK,1,1,17798,0,
Grenada,0,,,,
ST. GEORGE'S,1,1,0,38251,
Guadeloupe,0,,,,
BASSE,1,1,12377,44747,
Pointe,1,0,0,171773,
Guatemala,0,,,,
CUIDAD DE GUATEMALA,1,1,942348,0,
Haiti,0,,,,
Cap,1,0,113555,0,
Carrefour,1,0,336222,0,
Delmas,1,0,284079,0,
PORT,1,1,990558,0,
Honduras,0,,,,
Catacamas,1,0,117493,0,
Choloma,1,0,231669,0,
Choluteca,1,0,152519,0,
Comayagua,1,0,144785,0,
Danlí,1,0,195916,0,
El Progreso,1,0,188366,0,
Juticalpa,1,0,124828,0,
La Ceiba,1,0,197267,0,
Olanchito,1,0,104609,0,
Puerto Cortés,1,0,122426,0,
San Pedro Sula,1,0,719064,0,
TEGUCIGALPA,1,1,1157509,0,
Villanueva,1,0,149977,0,
Jamaica,0,,,,
KINGSTON,1,1,0,592291,
Montego Bay,1,0,0,111037,
Portmore,1,0,0,182800,
Spanish Town,1,0,0,149479,
Martinique,0,,,,
FORT,1,1,82502,123369,
Mexico,0,,,,
Acapulco,1,0,0,935273,
Acayucan,1,0,0,122233,
Aguascalientes,1,0,0,1056561,
Apatzingán de la Constitución,1,0,0,102668,
Campeche,1,0,0,298741,
Cancún,1,0,0,869665,
Cárdenas,1,0,0,106341,
Celaya,1,0,0,748825,
Chetumal,1,0,0,258539,
Chihuahua,1,0,0,979563,
Chilpacingo de los Bravo,1,0,0,321081,
Ciudad Acuña,1,0,0,147888,
Ciudad Del Carmen,1,0,0,194484,
Ciudad Guzmán,1,0,0,105539,
Ciudad Lázaro Cárdenas,1,0,0,145394,
Ciudad Obregón,1,0,0,347857,
Ciudad Valles,1,0,0,135938,
Ciudad Victoria,1,0,0,365089,
Coatzacoalcos,1,0,0,379805,
Colima,1,0,0,388618,
Comitán de Domínguez,1,0,0,114136,
Córdoba,1,0,0,341041,
Cuauhtemoc,1,0,0,134525,
Cuautla,1,0,0,491750,
Cuernavaca,1,0,0,1032278,
Culiacán Rosales,1,0,0,966609,
Delicias,1,0,0,206090,
Ensenada,1,0,0,542896,
Fresnillo,1,0,0,136448,
Guadalajara,1,0,0,5060750,
Guanajuato,1,0,0,187490,
Guaymas,1,0,0,231206,
Hermosillo,1,0,0,907233,
Heroica Nogales,1,0,0,256387,
Hidalgo del Parral,1,0,0,124395,
Iguala de la Independencia,1,0,0,122790,
Irapuato,1,0,0,420702,
Juárez,1,0,0,1462133,
La Laguna,1,0,0,1417538,
La Paz,1,0,0,313204,
La Piedad,1,0,0,266495,
Lagos de Moreno,1,0,0,109186,
León,1,0,0,1757811,
Los Mochis,1,0,0,294684,
Manzanillo,1,0,0,165809,
Matamoros,1,0,0,542609,
Mazatlán,1,0,0,492420,
Mérida,1,0,0,1196520,
Mexicali,1,0,0,1065882,
MEXICO CITY,1,1,0,21800320,
Minatitlán,1,0,0,387131,
Monclova,1,0,0,374058,
Monterrey,1,0,0,4834971,
Morelia,1,0,0,908203,
Moroleón Uriangato,1,0,0,115793,
Navojoa,1,0,0,130446,
Nuevo Laredo,1,0,0,428927,
Oaxaca,1,0,0,683128,
Ocotlán,1,0,0,179113,
Orizaba,1,0,0,463767,
Pachuca,1,0,0,594972,
Piedras Negras,1,0,0,197488,
Playa del Carmen,1,0,0,214734,
Poza Rica,1,0,0,548859,
Puebla,1,0,0,3046766,
Puerto Vallarta,1,0,0,469204,
Querétaro,1,0,0,1337686,
Reynosa,1,0,0,843968,
Rioverde,1,0,0,146908,
Salamanca,1,0,0,173831,
Saltillo,1,0,0,935663,
San Cristóbal de las Casas,1,0,0,179648,
San Francisco del Rincón,1,0,0,200318,
San José del Cabo,1,0,0,105369,
San Juan Bautista Tuxtepec,1,0,0,114259,
San Juan del Río,1,0,0,157552,
San Luis Potosí,1,0,0,1188221,
San Luis Rio Colorado,1,0,0,182121,
Tampico,1,0,0,955119,
Tapachula de Cordova y Ordoñez,1,0,0,369198,
Tecomán,1,0,0,164541,
Tehuacán,1,0,0,329094,
Tehuantepec,1,0,0,180296,
Tepatitlán De Morelos,1,0,0,103284,
Tepic,1,0,0,512386,
Teziutlán,1,0,0,135074,
Tianguistenco,1,0,0,188474,
Tijuana,1,0,0,2024994,
Tlaxcala,1,0,0,568140,
Toluca,1,0,0,2386157,
Tula,1,0,0,227415,
Tulancingo,1,0,0,272228,
Túxpan de Rodríguez Cano,1,0,0,118894,
Tuxtla Gutiérrez,1,0,0,853518,
Uruapan,1,0,0,301766,
Veracruz,1,0,0,906976,
Victoria de Durango,1,0,0,660663,
Villahermosa,1,0,0,851925,
Xalapa,1,0,0,787443,
Zacatecas,1,0,0,377668,
Zamora,1,0,0,266904,
Nicaragua,0,,,,
Chinandega,1,0,0,106635,
León,1,0,0,156049,
MANAGUA,1,1,0,985143,
Masaya,1,0,0,110491,
Tipitapa,1,0,0,105773,
Panama,0,,,,
CIUDAD DE PANAMÁ,1,1,481993,1107085,
San Miguelito,1,0,370009,0,
Puerto Rico,0,,,,
Bayamón,1,0,179565,0,
Caguas,1,0,129604,0,
Carolina,1,0,154489,0,
Ponce,1,0,140859,0,
SAN JUAN,1,1,337288,0,
Saint Lucia,0,,,,
CASTRIES,1,1,4173,0,
Saint Pierre and Miquelon,0,,,,
SAINT,1,1,5415,0,
Trinidad and Tobago,0,,,,
PORT,1,1,37074,0,
Turks and Caicos Islands,0,,,,
GRAND TURK,1,1,4831,0,
United States of America,0,,,,
Abilene TX,1,0,122225,0,
Akron OH,1,0,197633,0,
Albuquerque NM,1,0,559277,0,
Alexandria VA,1,0,155810,0,
Allentown PA,1,0,120443,0,
Amarillo TX,1,0,199582,0,
Anaheim CA,1,0,351043,0,
Anchorage AK,1,0,298192,0,
Ann Arbor MI,1,0,120782,0,
Antioch CA,1,0,110898,0,
Arlington TX,1,0,392772,0,
Arvada CO,1,0,117453,0,
Athens GA,1,0,123371,0,
Atlanta GA,1,0,472522,0,
Augusta GA,1,0,197081,0,
Aurora CO,1,0,361710,0,
Aurora IL,1,0,201110,0,
Austin TX,1,0,947890,0,
Bakersfield CA,1,0,376380,0,
Baltimore MD,1,0,614664,0,
Baton Rouge LA,1,0,227715,0,
Beaumont TX,1,0,118299,0,
Bellevue WA,1,0,141400,0,
Berkeley CA,1,0,121240,0,
Billings MT,1,0,110323,0,
Birmingham AL,1,0,212157,0,
Boise City ID,1,0,223154,0,
Boston MA,1,0,673184,0,
Boulder CO,1,0,108090,0,
Bridgeport CT,1,0,145936,0,
Broken Arrow OK,1,0,107403,0,
Brownsville TX,1,0,183823,0,
Buffalo NY,1,0,256902,0,
Burbank CA,1,0,104447,0,
Cambridge MA,1,0,110651,0,
Cape Coral FL,1,0,179804,0,
Carlsbad CA,1,0,113952,0,
Carrollton TX,1,0,133351,0,
Cary NC,1,0,162320,0,
Cedar Rapids IA,1,0,131127,0,
Centennial CO,1,0,109932,0,
Chandler AZ,1,0,247477,0,
Charleston SC,1,0,134385,0,
Charlotte NC,1,0,842051,0,
Chattanooga TN,1,0,177571,0,
Chesapeake VA,1,0,237940,0,
Chicago IL,1,0,2704958,0,
Chula Vista CA,1,0,267172,0,
Cincinnati OH,1,0,298800,0,
Clarksville TN,1,0,150287,0,
Clearwater FL,1,0,114361,0,
Cleveland OH,1,0,385809,0,
Clovis CA,1,0,106583,0,
College Station TX,1,0,112141,0,
Colorado Springs CO,1,0,465101,0,
Columbia MO,1,0,120612,0,
Columbia SC,1,0,134309,0,
Columbus GA,1,0,197485,0,
Columbus OH,1,0,860090,0,
Concord CA,1,0,128726,0,
Coral Springs FL,1,0,130059,0,
Corona CA,1,0,166785,0,
Corpus Christi TX,1,0,325733,0,
Costa Mesa CA,1,0,112822,0,
Dallas TX,1,0,1317929,0,
Daly City CA,1,0,106472,0,
Davenport IA,1,0,102612,0,
Davie FL,1,0,101871,0,
Dayton OH,1,0,140489,0,
Denton TX,1,0,133808,0,
Denver CO,1,0,693060,0,
Des Moines IA,1,0,215472,0,
Detroit MI,1,0,672795,0,
Downey CA,1,0,113267,0,
Durham NC,1,0,263016,0,
El Cajon CA,1,0,103768,0,
El Monte CA,1,0,115807,0,
El Paso TX,1,0,683080,0,
Elgin IL,1,0,112123,0,
Elizabeth NJ,1,0,128640,0,
Elk Grove CA,1,0,169743,0,
Escondido CA,1,0,151613,0,
Eugene OR,1,0,166575,0,
Evansville IN,1,0,119477,0,
Everett WA,1,0,109043,0,
Fairfield CA,1,0,114756,0,
Fargo ND,1,0,120762,0,
Fayetteville NC,1,0,204759,0,
Fontana CA,1,0,209665,0,
Fort Collins CO,1,0,164207,0,
Fort Lauderdale FL,1,0,178752,0,
Fort Wayne IN,1,0,264488,0,
Fort Worth TX,1,0,854113,0,
Fremont CA,1,0,233136,0,
Fresno CA,1,0,522053,0,
Frisco TX,1,0,163656,0,
Fullerton CA,1,0,140721,0,
Gainesville FL,1,0,131591,0,
Garden Grove CA,1,0,174858,0,
Garland TX,1,0,234943,0,
Gilbert AZ,1,0,237133,0,
Glendale AZ,1,0,245895,0,
Glendale CA,1,0,200831,0,
Grand Prairie TX,1,0,190682,0,
Grand Rapids MI,1,0,196445,0,
Greeley CO,1,0,103990,0,
Green Bay WI,1,0,105139,0,
Greensboro NC,1,0,287027,0,
Gresham OR,1,0,111523,0,
Hampton VA,1,0,135410,0,
Hartford CT,1,0,123243,0,
Hayward CA,1,0,158937,0,
Henderson NV,1,0,292969,0,
Hialeah FL,1,0,236387,0,
High Point City NC,1,0,111223,0,
Hillsboro OR,1,0,105164,0,
Hollywood FL,1,0,151998,0,
Houston TX,1,0,2303482,0,
Huntington Beach CA,1,0,200652,0,
Huntsville AL,1,0,193079,0,
Independence MO,1,0,117030,0,
Indianapolis IN,1,0,855164,0,
Inglewood CA,1,0,110654,0,
Irvine CA,1,0,266122,0,
Irving TX,1,0,238289,0,
Jackson MS,1,0,169148,0,
Jacksonville FL,1,0,880619,0,
Jersey City NJ,1,0,264152,0,
Joliet IL,1,0,148262,0,
Jurupa Valley CA,1,0,103541,0,
Kansas City KS,1,0,151709,0,
Kansas City MO,1,0,481420,0,
Kent WA,1,0,127514,0,
Killeen TX,1,0,143400,0,
Knoxville TN,1,0,186239,0,
Lafayette LA,1,0,127626,0,
Lakeland FL,1,0,106420,0,
Lakewood CO,1,0,154393,0,
Lancaster CA,1,0,160106,0,
Lansing MI,1,0,116020,0,
Laredo TX,1,0,257156,0,
Las Cruces NM,1,0,101759,0,
Las Vegas NV,1,0,632912,0,
League City TX,1,0,102010,0,
Lewisville TX,1,0,104659,0,
Lexington,1,0,318449,0,
Lincoln NE,1,0,280364,0,
Little Rock AR,1,0,198541,0,
Long Beach CA,1,0,470130,0,
Los Angeles CA,1,0,3976322,0,
Louisville KY,1,0,616261,0,
Lowell MA,1,0,110558,0,
Lubbock TX,1,0,252506,0,
Macon,1,0,152555,0,
Madison WI,1,0,252551,0,
Manchester NH,1,0,110506,0,
McAllen TX,1,0,142212,0,
McKinney City TX,1,0,172298,0,
Memphis TN,1,0,652717,0,
Mesa AZ,1,0,484587,0,
Mesquite TX,1,0,143736,0,
Miami FL,1,0,453579,0,
Miami Gardens FL,1,0,113058,0,
Midland City TX,1,0,134610,0,
Milwaukee WI,1,0,595047,0,
Minneapolis MN,1,0,413651,0,
Miramar FL,1,0,138449,0,
Mobile AL,1,0,192904,0,
Modesto CA,1,0,212175,0,
Montgomery AL,1,0,200022,0,
Moreno Valley CA,1,0,205499,0,
Murfreesboro TN,1,0,131947,0,
Murrieta CA,1,0,111674,0,
Naperville IL,1,0,147122,0,
Nashville,1,0,660388,0,
New Haven CT,1,0,129934,0,
New Orleans LA,1,0,391495,0,
New York NY,1,0,8537673,0,
Newark NJ,1,0,281764,0,
Newport News VA,1,0,181825,0,
Norfolk VA,1,0,245115,0,
Norman OK,1,0,122180,0,
North Charleston SC,1,0,109298,0,
North Las Vegas NV,1,0,238702,0,
Norwalk CA,1,0,106178,0,
Oakland CA,1,0,420005,0,
Oceanside CA,1,0,175464,0,
Odessa TX,1,0,117871,0,
Oklahoma City OK,1,0,638367,0,
Olathe KS,1,0,135473,0,
Omaha NE,1,0,446970,0,
Ontario CA,1,0,173212,0,
Orange CA,1,0,140504,0,
Orlando FL,1,0,277173,0,
Overland Park KS,1,0,188966,0,
Oxnard CA,1,0,207906,0,
Palm Bay City FL,1,0,110104,0,
Palmdale CA,1,0,157356,0,
Pasadena CA,1,0,142059,0,
Pasadena TX,1,0,153351,0,
Paterson NJ,1,0,147000,0,
Pearland TX,1,0,113570,0,
Pembroke Pines FL,1,0,168587,0,
Peoria AZ,1,0,164173,0,
Peoria IL,1,0,114265,0,
Philadelphia PA,1,0,1567872,0,
Phoenix AZ,1,0,1615017,0,
Pittsburgh PA,1,0,303625,0,
Plano TX,1,0,286057,0,
Pomona CA,1,0,152494,0,
Pompano Beach FL,1,0,109393,0,
Port St. Lucie FL,1,0,185132,0,
Portland OR,1,0,639863,0,
Providence RI,1,0,179219,0,
Provo UT,1,0,116868,0,
Pueblo CO,1,0,110291,0,
Raleigh NC,1,0,458880,0,
Rancho Cucamonga CA,1,0,176534,0,
Reno NV,1,0,245255,0,
Renton WA,1,0,100953,0,
Rialto CA,1,0,103314,0,
Richardson TX,1,0,113347,0,
Richmond CA,1,0,109813,0,
Richmond VA,1,0,223170,0,
Riverside CA,1,0,324722,0,
Rochester MN,1,0,114011,0,
Rochester NY,1,0,208880,0,
Rockford IL,1,0,147651,0,
Roseville CA,1,0,132671,0,
Round Rock TX,1,0,120892,0,
Sacramento CA,1,0,495234,0,
Salem OR,1,0,167419,0,
Salinas CA,1,0,157218,0,
Salt Lake City UT,1,0,193744,0,
San Angelo TX,1,0,100702,0,
San Antonio TX,1,0,1492510,0,
San Bernardino CA,1,0,216239,0,
San Buenaventura CA,1,0,109592,0,
San Diego CA,1,0,1406630,0,
San Francisco CA,1,0,870887,0,
San Jose CA,1,0,1025350,0,
San Mateo CA,1,0,103959,0,
Sandy Springs GA,1,0,105703,0,
Santa Ana CA,1,0,334217,0,
Santa Clara CA,1,0,125948,0,
Santa Clarita CA,1,0,181972,0,
Santa Maria CA,1,0,106290,0,
Santa Rosa CA,1,0,175155,0,
Savannah GA,1,0,146763,0,
Scottsdale AZ,1,0,246645,0,
Seattle WA,1,0,704352,0,
Shreveport LA,1,0,194920,0,
Simi Valley CA,1,0,126327,0,
Sioux Falls SD,1,0,174360,0,
South Bend IN,1,0,101735,0,
Spokane WA,1,0,215973,0,
Springfield IL,1,0,115715,0,
Springfield MA,1,0,154074,0,
Springfield MO,1,0,167319,0,
St. Louis MO,1,0,311404,0,
St. Paul MN,1,0,302398,0,
St. Petersburg FL,1,0,260999,0,
Stamford CT,1,0,129113,0,
Sterling Heights MI,1,0,132427,0,
Stockton CA,1,0,307072,0,
Sunnyvale CA,1,0,152771,0,
Surprise AZ,1,0,132677,0,
Syracuse NY,1,0,143378,0,
Tacoma WA,1,0,211277,0,
Tallahassee FL,1,0,190894,0,
Tampa FL,1,0,377165,0,
Temecula CA,1,0,113054,0,
Tempe AZ,1,0,182498,0,
Thornton CO,1,0,136703,0,
Thousand Oaks CA,1,0,128888,0,
Toledo OH,1,0,278508,0,
Topeka KS,1,0,126808,0,
Torrance CA,1,0,147195,0,
Tucson AZ,1,0,530706,0,
Tulsa OK,1,0,403090,0,
Tyler TX,1,0,104798,0,
Urban Honolulu HI,1,0,351792,0,
Vallejo CA,1,0,121299,0,
Vancouver WA,1,0,174826,0,
Victorville City CA,1,0,122265,0,
Virginia Beach VA,1,0,452602,0,
Visalia CA,1,0,131074,0,
Vista CA,1,0,101659,0,
Waco TX,1,0,134432,0,
Warren MI,1,0,135125,0,
WASHINGTON DC,1,1,681170,0,
Waterbury CT,1,0,108272,0,
West Covina CA,1,0,107847,0,
West Jordan UT,1,0,113699,0,
West Palm Beach FL,1,0,108161,0,
West Valley City UT,1,0,136574,0,
Westminster CO,1,0,113875,0,
Wichita KS,1,0,389902,0,
Wichita Falls TX,1,0,104724,0,
Wilmington NC,1,0,117525,0,
Winston,1,0,242203,0,
Worcester MA,1,0,184508,0,
Yonkers NY,1,0,200807,0,
United States Virgin Islands,0,,,,
CHARLOTTE AMALIE,1,1,10354,0,
Argentina,0,,,,
Bahía Blanca,1,0,0,308922,
Bariloche,1,0,0,158989,
BUENOS AIRES,1,1,0,13879707,
Catamarca,1,0,0,213186,
Comodoro Rivadavia,1,0,0,218596,
Concordia,1,0,0,161990,
Córdoba,1,0,0,1525490,
Corrientes,1,0,0,386379,
Formosa,1,0,0,260788,
La Plata,1,0,0,843851,
La Rioja,1,0,0,207085,
Mar del Plata,1,0,0,641065,
Mendoza,1,0,0,1094209,
Neuquén,1,0,0,314478,
Paraná,1,0,0,276125,
Posadas,1,0,0,358832,
Rawson,1,0,0,139698,
Resistencia,1,0,0,412445,
Río Cuarto,1,0,0,173807,
Rio Gallegos,1,0,0,112455,
Rosario,1,0,0,1444436,
Salta,1,0,0,634644,
San Juan,1,0,0,520430,
San Luis,1,0,0,221410,
San Nicolás,1,0,0,190447,
San Salvador de Jujuy,1,0,0,341634,
Santa Fé,1,0,0,534341,
Santa Rosa,1,0,0,127055,
Santiago del Estero,1,0,0,410083,
Tucumán,1,0,0,873873,
Ushuaia,1,0,0,139989,
Bolivia,0,,,,
Cochabamba,1,0,618376,0,
El Alto,1,0,953253,0,
LA PAZ,1,1,835361,0,
Oruro,1,0,216724,0,
Potosí,1,0,154693,0,
Sacaba,1,0,155668,0,
Santa Cruz,1,0,1616063,0,
SUCRE,1,1,284032,0,
Tarija,1,0,194313,0,
Yacuiba,1,0,112096,0,
Brazil,0,,,,
Abaeteluba,1,0,151934,0,
Açailândia,1,0,110543,0,
Aguas Lindas de Goiás,1,0,191499,0,
Alagoinhas,1,0,155362,0,
Almirante Tamandaré,1,0,114129,0,
Altamira,1,0,109938,0,
Alvorada,1,0,207392,0,
Americana,1,0,231621,0,
Ananindeua,1,0,510834,0,
Anápolis,1,0,370875,0,
Angra dos Reis,1,0,191504,0,
Aparecida de Goiania,1,0,532135,0,
Apucarana,1,0,131571,0,
Aracaju,1,0,641523,0,
Araçatuba,1,0,193828,0,
Araguaina,1,0,173112,0,
Araguario,1,0,116871,0,
Arapiraca,1,0,232671,0,
Arapongas,1,0,116960,0,
Araraquara,1,0,228664,0,
Araras,1,0,130102,0,
Araruama,1,0,124940,0,
Araucária,1,0,135459,0,
Araxá,1,0,103287,0,
Ariquemes,1,0,105896,0,
Assis,1,0,102268,0,
Atibaia,1,0,138449,0,
Bacabal,1,0,103020,0,
Bagé,1,0,121986,0,
Balneário Camboriú,1,0,131727,0,
Barbacena,1,0,135829,0,
Barcarena,1,0,118537,0,
Barra Mansa,1,0,180126,0,
Barreiras,1,0,155519,0,
Barretos,1,0,119948,0,
Barueri,1,0,264935,0,
Bauru,1,0,369368,0,
Belém,1,0,1446042,0,
Belford Roxo,1,0,494141,0,
Belo Horizonte,1,0,2513451,0,
Bento Gonçalves,1,0,114203,0,
Betim,1,0,422354,0,
Birigui,1,0,119536,0,
Blumenou,1,0,343715,0,
Boa Vista,1,0,326419,0,
Botucatu,1,0,141032,0,
Bragança,1,0,122881,0,
Bragança Paulista,1,0,162435,0,
BRASILIA,1,1,2977216,0,
Brusque,1,0,125810,0,
Cabo de Santo Agostinho,1,0,202636,0,
Cabo Frio,1,0,212289,0,
Cachoeirinha,1,0,126666,0,
Cachoeiro de Itapemirim,1,0,210325,0,
Camacari,1,0,292074,0,
Camaragibe,1,0,155228,0,
Cambé,1,0,104592,0,
Cametá,1,0,132515,0,
Campina Grande,1,0,407754,0,
Campinas,1,0,1173370,0,
Campo Grande,1,0,863982,0,
Campo Largo,1,0,125719,0,
Campos dos Goytacazes,1,0,487186,0,
Canoas,1,0,342634,0,
Caraguatatuba,1,0,115071,0,
Carapicuíba,1,0,394465,0,
Cariacica,1,0,384621,0,
Caruaru,1,0,351686,0,
Cascavel,1,0,316226,0,
Castanhal,1,0,192571,0,
Catalão,1,0,100590,0,
Catanduva,1,0,120092,0,
Caucaia,1,0,358164,0,
Caxias,1,0,161926,0,
Caxias do Sul,1,0,479236,0,
Chapecó,1,0,209553,0,
Codo,1,0,120548,0,
Colatina,1,0,123598,0,
Colombo,1,0,234941,0,
Conselheiro Lafaiete,1,0,126420,0,
Contagem,1,0,653800,0,
Coronel Fabriciano,1,0,109857,0,
Corumbá,1,0,109294,0,
Cotia,1,0,233696,0,
Crato,1,0,129662,0,
Criciúma,1,0,209153,0,
Cubatao,1,0,127887,0,
Cuiabá,1,0,585367,0,
Curitiba,1,0,1893997,0,
Diadema,1,0,415180,0,
Divinópolis,1,0,232945,0,
Dourados,1,0,215486,0,
Duque de Caxias,1,0,886917,0,
Embu,1,0,264448,0,
Erechim,1,0,102906,0,
Eunápolis,1,0,114275,0,
Feira de Santana,1,0,622639,0,
Ferraz de Vasconcelos,1,0,186808,0,
Florianópolis,1,0,477798,0,
Formosa,1,0,114036,0,
Fortaleza,1,0,2609716,0,
Foz do Iguaçu,1,0,263915,0,
Franca,1,0,344704,0,
Francisco Morato,1,0,169942,0,
Franco da Rocha,1,0,147650,0,
Garanhuns,1,0,137810,0,
Goiânia,1,0,1448639,0,
Governador Valadares,1,0,279665,0,
Gravatai,1,0,273742,0,
Guarapari,1,0,121506,0,
Guarapuava,1,0,179256,0,
Guaratinguetá,1,0,119753,0,
Guarujá,1,0,313421,0,
Guarulhos,1,0,1337087,0,
Hortolandia,1,0,219039,0,
Ibirité,1,0,175721,0,
Igarassu,1,0,113956,0,
Iguatu,1,0,102013,0,
Ilhéus,1,0,178210,0,
Imperatriz,1,0,253873,0,
Indaiatuba,1,0,235367,0,
Ipatinga,1,0,259324,0,
Itabiraí,1,0,118481,0,
Itaboraí,1,0,230786,0,
Itabuna,1,0,220386,0,
Itaguaí,1,0,120855,0,
Itajaí,1,0,208958,0,
Itapecerica da Serra,1,0,169103,0,
Itapetininga,1,0,158561,0,
Itapevi,1,0,226488,0,
Itapipoca,1,0,126234,0,
Itaquaquecetuba,1,0,356774,0,
Itatiba,1,0,114912,0,
Itu,1,0,168643,0,
Ituiutaba,1,0,103945,0,
Itumbiara,1,0,101544,0,
Jaboatao dos Guarapes,1,0,691125,0,
Jacareí,1,0,228214,0,
Jandira,1,0,120177,0,
Japeri,1,0,100562,0,
Jaraguá do Sul,1,0,167300,0,
Jaú,1,0,144828,0,
Jequié,1,0,161880,0,
Ji,1,0,131560,0,
Joao Pessoa,1,0,801718,0,
Joinville,1,0,569645,0,
Juazeiro,1,0,220253,0,
Juàzeiro do Norte,1,0,268248,0,
Juiz de Fora,1,0,559636,0,
Jundiaí,1,0,405740,0,
Lagarto,1,0,103188,0,
Lages,1,0,158620,0,
Lauro de Freitas,1,0,194641,0,
Lavras,1,0,101208,0,
Leme,1,0,100296,0,
Limeira,1,0,298701,0,
Linhares,1,0,166491,0,
Londrina,1,0,553393,0,
Luziânia,1,0,196864,0,
Macae,1,0,239471,0,
Macapá,1,0,465495,0,
Maceió,1,0,1021709,0,
Magé,1,0,236319,0,
Manaus,1,0,2094391,0,
Maraba,1,0,266932,0,
Maracanau,1,0,223188,0,
Maranguape,1,0,125058,0,
Maricá,1,0,149876,0,
Marília,1,0,233639,0,
Maringá,1,0,403063,0,
Marituba,1,0,125435,0,
Mauá,1,0,457696,0,
Mesquita,1,0,171020,0,
Moji das Cruzes,1,0,429321,0,
Moji,1,0,148327,0,
Montes Claros,1,0,398288,0,
Mossoró,1,0,291937,0,
Muriaé,1,0,107916,0,
Natal,1,0,877662,0,
Nilópolis,1,0,158319,0,
Niterói,1,0,497883,0,
Nossa Senhora do Socorro,1,0,179661,0,
Nova Friburgo,1,0,185102,0,
Nova Iguaçu,1,0,797435,0,
Novo Gama,1,0,108410,0,
Nôvo Hamburgo,1,0,249113,0,
Olinda,1,0,390144,0,
Osasco,1,0,696382,0,
Ourinhos,1,0,111056,0,
Paço do Lumiar,1,0,119915,0,
Palhoça,1,0,161395,0,
Palmas,1,0,279856,0,
Paragominas,1,0,108547,0,
Paranaguá,1,0,151829,0,
Parauapebas,1,0,196259,0,
Parintins,1,0,112716,0,
Parnaíba,1,0,150201,0,
Parnamirim,1,0,248623,0,
Passo Fundo,1,0,197798,0,
Passos,1,0,113807,0,
Patos,1,0,107067,0,
Patos de Minas,1,0,149856,0,
Paulínia,1,0,100128,0,
Paulista,1,0,325590,0,
Paulo Afonso,1,0,119930,0,
Pelotas,1,0,343651,0,
Petrolina,1,0,337683,0,
Petrópolis,1,0,298158,0,
Pindamonhangaba,1,0,162327,0,
Pinhais,1,0,128256,0,
Piracicaba,1,0,394419,0,
Piraquara,1,0,106132,0,
Poà,1,0,114650,0,
Poços de Caldas,1,0,164912,0,
Ponta Grossa,1,0,341130,0,
Porto Alegre,1,0,1481019,0,
Porto Seguro,1,0,147444,0,
Porto Velho,1,0,511219,0,
Pouso Alegre,1,0,145535,0,
Praia Grande,1,0,304705,0,
Presidente Prudente,1,0,223749,0,
Queimados,1,0,144525,0,
Recife,1,0,1625583,0,
Resende,1,0,126084,0,
Ribeirao das Neves,1,0,325846,0,
Ribeirao Pires,1,0,121130,0,
Ribeirao Prêto,1,0,674405,0,
Rio Branco,1,0,377057,0,
Rio Claro,1,0,201473,0,
Rio das Ostras,1,0,136626,0,
Rio de Janeiro,1,0,6498837,0,
Rio Grande,1,0,208641,0,
Rio Verde,1,0,212237,0,
Rondonópolis,1,0,218899,0,
Sabára,1,0,135196,0,
Salto,1,0,115193,0,
Salvador,1,0,2938092,0,
Santa Bárbara D'Oeste,1,0,191024,0,
Santa Cruz do Capibaribe,1,0,103660,0,
Santa Cruz do Sul,1,0,126775,0,
Santa Luzia,1,0,217610,0,
Santa Maria,1,0,277309,0,
Santa Rita,1,0,135915,0,
Santana,1,0,113854,0,
Santana de Parnaíba,1,0,129261,0,
Santarém,1,0,294447,0,
Santo André,1,0,712749,0,
Santo Antônio de Jesus,1,0,102469,0,
Santos,1,0,434359,0,
Sao Bernardo do Campo,1,0,822242,0,
Sao Caetano do Sul,1,0,158825,0,
Sao Carlo,1,0,243765,0,
São Félix do Xingu,1,0,120580,0,
Sao Gonçalo,1,0,1044058,0,
Sao Joao de Meriti,1,0,460541,0,
Sao José,1,0,236029,0,
Sao José de Ribamar,1,0,176008,0,
Sao José do Rio Prêto,1,0,446649,0,
Sao José dos Campos,1,0,695992,0,
Sao José dos Pinhais,1,0,302759,0,
Sao Leopoldo,1,0,229678,0,
São Lourenço da Mata,1,0,111197,0,
Sao Luís,1,0,1082935,0,
São Mateus,1,0,126437,0,
Sao Paulo,1,0,12038175,0,
Sao Vicente,1,0,357989,0,
Sapucaia do Sul,1,0,138933,0,
Senador Canedo,1,0,102947,0,
Serra,1,0,494109,0,
Sertaozinho,1,0,121412,0,
Sete Lagoas,1,0,234221,0,
Simoes Filho,1,0,134674,0,
Sinop,1,0,132934,0,
Sobral,1,0,203682,0,
Sorocaba,1,0,652481,0,
Sumaré,1,0,269522,0,
Susano,1,0,288056,0,
Taboao da Serra,1,0,275948,0,
Tailândia,1,0,100300,0,
Tatuí,1,0,117823,0,
Taubaté,1,0,305174,0,
Teixeira de Freitas,1,0,159813,0,
Teófilo Otoni,1,0,141502,0,
Teresina,1,0,847430,0,
Teresópolis,1,0,174587,0,
Timon,1,0,166295,0,
Toledo,1,0,133824,0,
Três Lagoas,1,0,115561,0,
Trindade,1,0,119385,0,
Tubarão,1,0,103674,0,
Tucuruí,1,0,108885,0,
Ubá,1,0,112186,0,
Uberaba,1,0,325279,0,
Uberlândia,1,0,669672,0,
Umuarama,1,0,109132,0,
Uruguaiana,1,0,129720,0,
Valinhos,1,0,122163,0,
Valparaíso de Goiás,1,0,156419,0,
Varginha,1,0,133384,0,
Varzea Grande,1,0,271339,0,
Varzea Paulista,1,0,117772,0,
Vespasiano,1,0,120510,0,
Viamao,1,0,252872,0,
Vila Velha,1,0,479664,0,
Vitória,1,0,359555,0,
Vitória da Conquista,1,0,346069,0,
Vitória de Santo Antao,1,0,136706,0,
Volta Redonda,1,0,263659,0,
Votorantim,1,0,118858,0,
Chile,0,,,,
Alto Hospicio,1,0,124877,0,
Antofagasta,1,0,388545,0,
Arica,1,0,229689,0,
Calama,1,0,180283,0,
Chiguallante,1,0,101244,0,
Chillán,1,0,159476,0,
Concepción,1,0,220746,0,
Copiapó,1,0,175162,0,
Coquimbo,1,0,216623,0,
Coronel,1,0,109709,0,
Curicó,1,0,102710,0,
Hualpén,1,0,108803,0,
Iquique,1,0,196562,0,
La Serena,1,0,205635,0,
Los Ángeles,1,0,128933,0,
Osorno,1,0,139550,0,
Puente Alto,1,0,625551,0,
Puerto Montt,1,0,213119,0,
Punta Arenas,1,0,124169,0,
Quilpué,1,0,172049,0,
Rancagua,1,0,225563,0,
San Bernardo,1,0,296583,0,
San Pedro de la Paz,1,0,139174,0,
SANTIAGO,1,1,5613962,0,
Talca,1,0,203873,0,
Temuco,1,0,221375,0,
Valdivia,1,0,143207,0,
Valparaíso,1,0,295113,0,
Villa Alemana,1,0,144417,0,
Viña del Mar,1,0,326759,0,
Colombia,0,,,,
Apartadó,1,0,195068,0,
Armenia,1,0,301224,0,
Barrancabermeja,1,0,191495,0,
Barranquilla,1,0,1232462,0,
Bello,1,0,482287,0,
BOGOTÁ D.C.,1,1,8181047,0,
Bucaramanga,1,0,528610,0,
Buenaventura,1,0,424047,0,
Cali,1,0,2445405,0,
Cartagena,1,0,1036134,0,
Cartago,1,0,134308,0,
Caucasia,1,0,120479,0,
Chía,1,0,135752,0,
Ciénaga,1,0,105206,0,
Cúcuta,1,0,668838,0,
Dosquebradas,1,0,204739,0,
Duitama,1,0,113954,0,
Envigado,1,0,238221,0,
Facatativá,1,0,139364,0,
Florencia,1,0,181493,0,
Floridablanca,1,0,267124,0,
Fusagasugá,1,0,142426,0,
Girardot,1,0,106818,0,
Girón,1,0,195499,0,
Gudalajara de Buga,1,0,114562,0,
Ibagué,1,0,569336,0,
Ipiales,1,0,148297,0,
Itagüí,1,0,276916,0,
Jamundí,1,0,127228,0,
Lorica,1,0,120558,0,
Magangué,1,0,123955,0,
Maicao,1,0,164424,0,
Malambo,1,0,127202,0,
Manaure,1,0,116248,0,
Manizales,1,0,400136,0,
Medellín,1,0,2529403,0,
Montería,1,0,460082,0,
Neiva,1,0,347438,0,
Ocaña,1,0,100461,0,
Palmira,1,0,310594,0,
Pasto,1,0,455678,0,
Pereira,1,0,476636,0,
Piedecuesta,1,0,159760,0,
Pitalito,1,0,133205,0,
Popayán,1,0,284737,0,
Quibdo,1,0,116178,0,
Riohacha,1,0,286973,0,
Rionegro,1,0,126193,0,
Sabanalarga,1,0,101339,0,
San Andrés de Tumaco,1,0,212692,0,
Santa Marta,1,0,507455,0,
Sincelejo,1,0,286749,0,
Soacha,1,0,544997,0,
Sogamoso,1,0,111799,0,
Soledad,1,0,666247,0,
Tierralta,1,0,107302,0,
Tuluá,1,0,219148,0,
Tunja,1,0,199221,0,
Turbo,1,0,172314,0,
Uribia,1,0,192721,0,
Valledupar,1,0,483286,0,
Villavicencio,1,0,516831,0,
Yopal,1,0,149426,0,
Yumbo,1,0,125663,0,
Zipaquirá,1,0,128426,0,
Ecuador,0,,,,
Ambato,1,0,178203,0,
Babahoyo,1,0,102531,0,
Cuenca,1,0,396990,0,
Durán,1,0,294734,0,
Esmeraldas,1,0,196666,0,
Guayaquil,1,0,2581884,0,
Ibarra,1,0,159591,0,
La Libertad,1,0,114123,0,
Loja,1,0,226824,0,
Machala,1,0,266255,0,
Manta,1,0,250489,0,
Milagro,1,0,154204,0,
Portoviejo,1,0,237982,0,
Quevedo,1,0,181373,0,
QUITO,1,1,1805522,0,
Riobamba,1,0,168514,0,
Santo Domingo de los Colorados,1,0,335123,0,
Falkland Islands,0,,,,
STANLEY,1,1,2108,0,
French Guiana,0,,,,
CAYENNE,1,1,57614,114017,
Guyana,0,,,,
GEORGETOWN,1,1,24849,118368,
Paraguay,0,,,,
ASUNCIÓN,1,1,512919,2887087,
Capiatá,1,0,257116,0,
Ciudad del Este,1,0,317525,0,
Fernando de la Mora,1,0,200112,0,
Lambaré,1,0,210725,0,
Luque,1,0,358265,0,
San Lorenzo,1,0,354283,0,
Peru,0,,,,
Arequipa,1,0,893491,0,
Ayacucho,1,0,190861,0,
Cajamarca,1,0,248222,0,
Chiclayo,1,0,617089,0,
Chimbote,1,0,380011,0,
Chincha Alta,1,0,185054,0,
Cuzco,1,0,448124,0,
Huancayo,1,0,375857,0,
Huánuco,1,0,181318,0,
Huaral,1,0,102811,0,
Huaraz,1,0,136628,0,
Ica,1,0,251573,0,
Iquitos,1,0,450799,0,
Jaen,1,0,100551,0,
Juliaca,1,0,294921,0,
LIMA,1,1,10350721,0,
Paita,1,0,104367,0,
Pisco,1,0,105394,0,
Piura,1,0,458262,0,
Pucallpa,1,0,211708,0,
Puno,1,0,147385,0,
Sullana,1,0,206213,0,
Tacna,1,0,306021,0,
Tarapoto,1,0,153613,0,
Trujillo,1,0,833379,0,
Tumbes,1,0,115141,0,
Suriname,0,,,,
PARAMARIBO,1,1,240924,0,
Wanica,1,0,118222,0,
Uruguay,0,,,,
MONTEVIDEO,1,1,1381946,0,
Venezuela,0,,,,
Anaco,1,0,140496,0,
Barinas,1,0,389578,0,
Barquisimeto,1,0,881127,0,
Baruta,1,0,358221,0,
Cabimas,1,0,293365,0,
Cagua,1,0,118290,0,
CARACAS,1,1,2082130,0,
Carora,1,0,111963,0,
Carúpano,1,0,156380,0,
Ciudad Bolívar,1,0,407452,0,
Ciudad Guayana,1,0,877547,0,
Ciudad Ojeda,1,0,216489,0,
Cua,1,0,143164,0,
Cumaná,1,0,358138,0,
El Tigre,1,0,203403,0,
Guacara,1,0,192536,0,
Guanare,1,0,160234,0,
Guarenas,1,0,247131,0,
Guatire,1,0,177794,0,
Los Guayos,1,0,173878,0,
Los Teques,1,0,216358,0,
Maracaibo,1,0,1653215,0,
Maracay,1,0,419052,0,
Maturín,1,0,571276,0,
Mérida,1,0,248410,0,
Naguanagua,1,0,161658,0,
Ocumare Del Tuy,1,0,197952,0,
Petare,1,0,434320,0,
Pozuelos,1,0,144045,0,
Puerto Cabello,1,0,193025,0,
Punto Fijo,1,0,272239,0,
San Cristóbal,1,0,282830,0,
San Fernando de Apure,1,0,217590,0,
San Francisco,1,0,106763,0,
Santa Lucía,1,0,133543,0,
Táriba,1,0,132657,0,
Tocuyito,1,0,186755,0,
Turmero,1,0,238570,0,
Valencia,1,0,888109,0,
Valera,1,0,161771,0,
Afghanistan,0,,,,
Baghalan,1,0,110902,0,
Balkh,1,0,415053,0,
Herat,1,0,491967,0,
KABUL,1,1,3817241,0,
Kandhar,1,0,448262,0,
Kunduz,1,0,162168,0,
Nngarhar,1,0,232901,0,
Armenia,0,,,,
Gyumri,1,0,115231,0,
YEREVAN,1,1,1076716,0,
Azerbaijan,0,,,,
BAKU,1,1,2254175,0,
Ganja,1,0,331986,0,
Sumgayit,1,0,340091,0,
Bahrain,0,,,,
MANAMA,1,1,176909,0,
Bangladesh,0,,,,
Barisal,1,0,339308,0,
Chittagong,1,0,2591681,0,
Comilla,1,0,296010,0,
DHAKA,1,1,8906035,0,
Khulna,1,0,664728,0,
Mymensingh,1,0,389918,0,
Narayanganj,1,0,286330,0,
Rajshahi,1,0,449756,0,
Saidpur,1,0,133433,0,
Bhutan,0,,,,
THIMPHU,1,1,114551,0,
Brunei Darussalam,0,,,,
BANDAR SERI BEGAWAN,1,1,27285,0,
Cambodia,0,,,,
Bat Dambang,1,0,1126345,0,
PHNOM PENH,1,1,1570791,0,
Seam Reab,1,0,999703,0,
China,0,,,,
BEIJING,1,1,0,18796000,
Hong Kong,0,,,,
HONG KONG,1,1,7451000,0,
Macao,0,,,,
MACAO,1,1,650834,0,
Cyprus,0,,,,
LEFKOSIA,1,1,0,244200,
Lemesos,1,0,0,182600,
North Korea,0,,,,
Anju,1,0,167646,0,
Chongjin,1,0,614892,0,
Haeju,1,0,241599,0,
Hamhung,1,0,614198,0,
Huichon,1,0,136093,0,
Hyesan,1,0,174015,0,
Jongju,1,0,102659,0,
Kaechon,1,0,262389,0,
Kaesong,1,0,192578,0,
Kanggye,1,0,251971,0,
Kim Chaek,1,0,155284,0,
Kusong,1,0,155181,0,
Nampho,1,0,310864,0,
Phyongsong,1,0,236583,0,
PYONGYANG,1,1,2581076,0,
Rason,1,0,158337,0,
Sariwon,1,0,271434,0,
Sinpho,1,0,130951,0,
Sinuiju,1,0,334031,0,
Sunchon,1,0,250738,0,
Tanchon,1,0,240873,0,
Tokchon,1,0,210571,0,
Wonsan,1,0,328467,0,
Georgia,0,,,,
Batumi,1,0,155000,0,
Kutaisi,1,0,147500,0,
Rustavi,1,0,126200,0,
TBILISI,1,1,1113800,0,
India,0,,,,
Abohar,1,0,0,145302,
Achalpur,1,0,0,112311,
Adilabad,1,0,0,117167,
Adityapur,1,0,0,174355,
Adoni,1,0,0,184625,
Agartala,1,0,0,400004,
Agra,1,0,0,1585704,
Ahmadabad,1,0,0,5633927,
Ahmadnagar,1,0,0,350859,
Aizawl,1,0,0,293416,
Ajmer,1,0,0,542321,
Akbarpur,1,0,0,111447,
Akola,1,0,0,425817,
Alandur,1,0,0,164430,
Alappuzha,1,0,0,240991,
Aligarh,1,0,0,874408,
Allahabad,1,0,0,1168385,
Alwar,1,0,0,322568,
Ambala,1,0,0,195153,
Ambala Sadar,1,0,0,104974,
Ambarnath,1,0,0,253475,
Ambattur,1,0,0,466205,
Ambikapur,1,0,0,121071,
Ambur,1,0,0,114608,
Amravati,1,0,0,647057,
Amreli,1,0,0,117967,
Amritsar,1,0,0,1159227,
Amroha,1,0,0,198471,
Anand,1,0,0,209410,
Anantapur,1,0,0,267161,
Anantnag,1,0,0,150592,
Arrah,1,0,0,261430,
Asansol,1,0,0,563917,
Ashoknagar Kalyangarh,1,0,0,121592,
Aurangabad,1,0,0,102244,
Aurangabad,1,0,0,1175116,
Avadi,1,0,0,345996,
Azamgarh,1,0,0,110983,
Badlapur,1,0,0,174226,
Bagaha,1,0,0,112634,
Bagalkot,1,0,0,111933,
Bahadurgarh,1,0,0,170767,
Baharampur,1,0,0,195223,
Bahraich,1,0,0,186223,
Baidyabati,1,0,0,121110,
Baleshwar Town,1,0,0,144373,
Ballia,1,0,0,104424,
Bally,1,0,0,113377,
Bally,1,0,0,293373,
Balurghat,1,0,0,153279,
Banda,1,0,0,160473,
Bankura,1,0,0,137386,
Bansberia,1,0,0,103920,
Banswara,1,0,0,101017,
Baran,1,0,0,117992,
Baranagar,1,0,0,245213,
Barasat,1,0,0,278435,
Baraut,1,0,0,103764,
Barddhaman,1,0,0,314265,
Bareilly,1,0,0,904797,
Baripada Town,1,0,0,116849,
Barnala,1,0,0,116449,
Barrackpur,1,0,0,152783,
Barshi,1,0,0,118722,
Basirhat,1,0,0,125254,
Basti,1,0,0,114657,
Batala,1,0,0,158621,
Bathinda,1,0,0,285788,
Beawar,1,0,0,151152,
Begusarai,1,0,0,252008,
Belgaum,1,0,0,490045,
Bellary,1,0,0,410445,
Bettiah,1,0,0,132209,
Betul,1,0,0,103330,
Bhadrak,1,0,0,121338,
Bhadravati,1,0,0,151102,
Bhadreswar,1,0,0,101477,
Bhagalpur,1,0,0,400146,
Bhalswa Jahangir Pur,1,0,0,197148,
Bharatpur,1,0,0,252838,
Bharuch,1,0,0,169007,
Bhatpara,1,0,0,386019,
Bhavnagar,1,0,0,605882,
Bhilai Nagar,1,0,0,627734,
Bhilwara,1,0,0,359483,
Bhimavaram,1,0,0,146961,
Bhind,1,0,0,197585,
Bhiwadi,1,0,0,104921,
Bhiwandi,1,0,0,709665,
Bhiwani,1,0,0,196057,
Bhopal,1,0,0,1798218,
Bhubaneswar Town,1,0,0,885363,
Bhuj,1,0,0,148834,
Bhusawal,1,0,0,187421,
Bid,1,0,0,146709,
Bidar,1,0,0,216020,
Bidhan Nagar,1,0,0,215514,
Biharsharif,1,0,0,297268,
Bijapur,1,0,0,327427,
Bikaner,1,0,0,644406,
Bilaspur,1,0,0,365579,
Bokaro Steel City,1,0,0,414820,
Bongaon,1,0,0,108864,
Botad,1,0,0,130327,
Brahmapur,1,0,0,356598,
Bengaluru,1,0,0,8495492,
Budaun,1,0,0,159285,
Bulandshahar,1,0,0,230024,
Bundi,1,0,0,104919,
Burari,1,0,0,146190,
Burhanpur,1,0,0,210886,
Buxar,1,0,0,102861,
Champdani,1,0,0,111251,
Chandannagar,1,0,0,166867,
Chandausi,1,0,0,114383,
Chandigarh,1,0,0,970602,
Chandrapur,1,0,0,320379,
Chapra,1,0,0,202352,
Chas,1,0,0,141640,
Chennai,1,0,0,4646732,
Chhatarpur,1,0,0,142128,
Chhindwara,1,0,0,175052,
Chikmagalur,1,0,0,118401,
Chilakaluripet,1,0,0,101398,
Chitradurga,1,0,0,145853,
Chittaurgarh,1,0,0,116406,
Chittoor,1,0,0,160722,
Churu,1,0,0,120157,
Coimbatore,1,0,0,1050721,
Cuddalore,1,0,0,173636,
Cuttack,1,0,0,610189,
Dabgram,1,0,0,119040,
Dallo Pura,1,0,0,154791,
Damoh,1,0,0,139561,
Darbhanga,1,0,0,296039,
Darjiling,1,0,0,118805,
Datia,1,0,0,100284,
Davanagere,1,0,0,434971,
Deesa,1,0,0,111160,
Dehradun,1,0,0,574840,
Dehri,1,0,0,137231,
Delhi Cantonment,1,0,0,110351,
Delhi,1,0,0,11034555,
Deoghar,1,0,0,203123,
Deoli,1,0,0,169122,
Deoria,1,0,0,129479,
Dewas,1,0,0,289550,
Dhamtari,1,0,0,101677,
Dhanbad,1,0,0,1162472,
Dharmavaram,1,0,0,121874,
Dhaulpur,1,0,0,133075,
Dhule,1,0,0,375559,
Dibrugarh,1,0,0,145488,
Dimapur,1,0,0,122834,
Dinapur Nizamat,1,0,0,182429,
Dindigul,1,0,0,207327,
Dohad,1,0,0,118846,
Dum Dum,1,0,0,114786,
Durg,1,0,0,268806,
Durgapur,1,0,0,566517,
Eluru,1,0,0,218020,
English Bazar,1,0,0,205521,
Erode,1,0,0,157101,
Etah,1,0,0,118517,
Etawah,1,0,0,256838,
Faizabad,1,0,0,165228,
Faridabad,1,0,0,1414050,
Farrukhabad,1,0,0,276581,
Fatehpur,1,0,0,193193,
Firozabad,1,0,0,604214,
Firozpur,1,0,0,110313,
Gadag,1,0,0,172612,
Gandhidham,1,0,0,247992,
Gandhinagar,1,0,0,292797,
Ganganagar,1,0,0,237780,
Gangapur City,1,0,0,119090,
Gangawati,1,0,0,114642,
Gangtok,1,0,0,100286,
Gaya,1,0,0,474093,
Ghaziabad,1,0,0,1648643,
Ghazipur,1,0,0,121020,
Giridih,1,0,0,114533,
Godhra,1,0,0,143644,
Gokal Pur,1,0,0,121870,
Gonda,1,0,0,114046,
Gondal,1,0,0,112197,
Gondiya,1,0,0,132813,
Gorakhpur,1,0,0,673446,
Hyderabad,1,0,0,6993262,
Mumbai,1,0,0,12442373,
Noida,1,0,0,102054,
Visakhapatnam,1,0,0,1728128,
Gudivada,1,0,0,118167,
Gulbarga,1,0,0,543147,
Guna,1,0,0,180935,
Guntakal,1,0,0,126270,
Guntur,1,0,0,670073,
Gurgaon,1,0,0,886519,
Guwahati,1,0,0,962334,
Gwalior,1,0,0,1054420,
Habra,1,0,0,147221,
Hajipur,1,0,0,147688,
Haldia,1,0,0,200827,
Haldwani,1,0,0,201461,
Halisahar,1,0,0,124939,
Hanumangarh,1,0,0,150958,
Haora,1,0,0,1077075,
Hapur,1,0,0,262983,
Hardoi,1,0,0,197029,
Hardwar,1,0,0,231338,
Hassan,1,0,0,155006,
Hastsal,1,0,0,176877,
Hathras,1,0,0,143020,
Hazaribag,1,0,0,142489,
Hindaun,1,0,0,105452,
Hindupur,1,0,0,151677,
Hinganghat,1,0,0,101805,
Hisar,1,0,0,307024,
Hoshangabad,1,0,0,117988,
Hoshiarpur,1,0,0,168653,
Hospet,1,0,0,206167,
Hosur,1,0,0,116821,
Hubli,1,0,0,943788,
Hugli,1,0,0,179931,
Ichalkaranji,1,0,0,287353,
Imphal,1,0,0,277196,
Indore,1,0,0,1994397,
Jabalpur,1,0,0,1081677,
Jagadhri,1,0,0,124894,
Jagdalpur,1,0,0,125463,
Jagtial,1,0,0,103930,
Jaipur,1,0,0,3046163,
Jalandhar,1,0,0,868929,
Jalgaon,1,0,0,460228,
Jalna,1,0,0,285577,
Jalpaiguri,1,0,0,107341,
Jamalpur,1,0,0,105434,
Jammu,1,0,0,576198,
Jamnagar,1,0,0,600943,
Jamshedpur,1,0,0,677350,
Jamuria,1,0,0,149220,
Jaunpur,1,0,0,180362,
Jehanabad,1,0,0,103202,
Jetpur Navagadh,1,0,0,118302,
Jhansi,1,0,0,505693,
Jhunjhunun,1,0,0,118473,
Jind,1,0,0,167592,
Jodhpur,1,0,0,1056191,
Jorhat,1,0,0,126736,
Junagadh,1,0,0,319462,
Kadapa,1,0,0,344893,
Kaithal,1,0,0,144915,
Kakinada,1,0,0,384182,
Kalol,1,0,0,134426,
Kalyan Dombivali,1,0,0,1247327,
Kalyani,1,0,0,100575,
Kamarhati,1,0,0,330211,
Kancheepuram,1,0,0,164384,
Kanchrapara,1,0,0,129576,
Kanhangad,1,0,0,125564,
Kanpur,1,0,0,2768057,
Kanpur,1,0,0,108534,
Karaikkudi,1,0,0,106714,
Karawal Nagar,1,0,0,224281,
Karimnagar,1,0,0,289821,
Karnal,1,0,0,302140,
Kasganj,1,0,0,101277,
Kashipur,1,0,0,121623,
Katihar,1,0,0,240838,
Khammam,1,0,0,196283,
Khandwa,1,0,0,200738,
Khanna,1,0,0,128137,
Kharagpur,1,0,0,207604,
Khardaha,1,0,0,108496,
Khargone,1,0,0,116150,
Khora,1,0,0,190005,
Khurja,1,0,0,121207,
Kirari Suleman Nagar,1,0,0,283211,
Kishanganj,1,0,0,105782,
Kishangarh,1,0,0,154886,
Kochi,1,0,0,633553,
Kolar,1,0,0,138462,
Kolhapur,1,0,0,549236,
Kolkata,1,0,0,4496694,
Kollam,1,0,0,367107,
Korba,1,0,0,365253,
Kota,1,0,0,1001694,
Kozhikode,1,0,0,550440,
Krishnanagar,1,0,0,153062,
Kulti,1,0,0,313809,
Kumbakonam,1,0,0,140156,
Kurichi,1,0,0,123667,
Kurnool,1,0,0,457633,
Lakhimpur,1,0,0,151993,
Lalitpur,1,0,0,133305,
Latur,1,0,0,382940,
Loni,1,0,0,516082,
Lucknow,1,0,0,2817105,
Ludhiana,1,0,0,1618879,
Machilipatnam,1,0,0,169892,
Madanapalle,1,0,0,180180,
Madavaram,1,0,0,119105,
Madhyamgram,1,0,0,196127,
Madurai,1,0,0,1017865,
Mahbubnagar,1,0,0,190400,
Mahesana,1,0,0,190753,
Maheshtala,1,0,0,448317,
Mainpuri,1,0,0,136557,
Malappuram,1,0,0,101386,
Malegaon,1,0,0,481228,
Malerkotla,1,0,0,135424,
Mandoli,1,0,0,120417,
Mandsaur,1,0,0,141667,
Mandya,1,0,0,137358,
Mangalagiri,1,0,0,107197,
Mangalore,1,0,0,499487,
Mango,1,0,0,223805,
Mathura,1,0,0,349909,
Maunath Bhanjan,1,0,0,278745,
Medinipur,1,0,0,169264,
Meerut,1,0,0,1305429,
Mira Bhayandar,1,0,0,809378,
Miryalaguda,1,0,0,104918,
Mirzapur,1,0,0,234871,
Modinagar,1,0,0,130325,
Moga,1,0,0,163397,
Moradabad,1,0,0,887871,
Morena,1,0,0,200482,
Morvi,1,0,0,210451,
Motihari,1,0,0,126158,
Mughalsarai,1,0,0,109650,
Muktsar,1,0,0,116747,
Munger,1,0,0,213303,
Murwara,1,0,0,221883,
Mustafabad,1,0,0,127167,
Muzaffarnagar,1,0,0,392768,
Muzaffarpur,1,0,0,354462,
Mysore,1,0,0,920550,
Nabadwip,1,0,0,125543,
Nadiad,1,0,0,225071,
Nagaon,1,0,0,121628,
Nagapattinam,1,0,0,102905,
Nagaur,1,0,0,105218,
Nagda,1,0,0,100039,
Nagercoil,1,0,0,224849,
Nagpur,1,0,0,2405665,
Naihati,1,0,0,217900,
Nalgonda,1,0,0,154326,
Nanded Waghala,1,0,0,550439,
Nandurbar,1,0,0,111037,
Nandyal,1,0,0,211424,
Nangloi Jat,1,0,0,205596,
Narasaraopet,1,0,0,117489,
Nashik,1,0,0,1486053,
Navi Mumbai,1,0,0,1120547,
Navi Mumbai Panvel Raigad,1,0,0,195373,
Navsari,1,0,0,171109,
Neemuch,1,0,0,128561,
Nellore,1,0,0,547621,
New Delhi,1,0,0,257803,
Neyveli,1,0,0,105731,
Nizamabad,1,0,0,311152,
Noida,1,0,0,637272,
North Barrackpur,1,0,0,132806,
North Dum Dum,1,0,0,249142,
Ongole,1,0,0,208344,
Orai,1,0,0,190575,
Osmanabad,1,0,0,111825,
Ozhukarai,1,0,0,300104,
Palakkad,1,0,0,130955,
Palanpur,1,0,0,141592,
Pali,1,0,0,230075,
Pallavaram,1,0,0,233984,
Palwal,1,0,0,131926,
Panchkula,1,0,0,211355,
Panihati,1,0,0,377347,
Panipat,1,0,0,295970,
Panvel,1,0,0,180020,
Parbhani,1,0,0,307170,
Patan,1,0,0,133737,
Pathankot,1,0,0,156306,
Patiala,1,0,0,446246,
Patna,1,0,0,1684297,
Pilibhit,1,0,0,127988,
Pimpri Chinchwad,1,0,0,1727692,
Pithampur,1,0,0,126200,
Porbandar,1,0,0,152760,
Port Blair,1,0,0,108058,
Proddatur,1,0,0,163970,
Puducherry,1,0,0,244377,
Pudukkottai,1,0,0,117630,
Pune,1,0,0,3124458,
Puri,1,0,0,200564,
Purnia,1,0,0,282248,
Puruliya,1,0,0,121067,
Rae Bareli,1,0,0,191316,
Raichur,1,0,0,234073,
Raiganj,1,0,0,183612,
Raigarh,1,0,0,150019,
Raipur,1,0,0,1027264,
Rajahmundry,1,0,0,376333,
Rajapalayam,1,0,0,130442,
Rajarhat Gopalpur,1,0,0,402844,
Rajkot,1,0,0,1323363,
Rajnandgaon,1,0,0,163114,
Rajpur Sonarpur,1,0,0,424368,
Ramagundam,1,0,0,242979,
Rampur,1,0,0,325313,
Ranchi,1,0,0,1073427,
Ranibennur,1,0,0,106406,
Raniganj,1,0,0,129441,
Ratlam,1,0,0,264914,
Raurkela Industrial Township,1,0,0,216410,
Raurkela Town,1,0,0,320040,
Rewa,1,0,0,235654,
Rewari,1,0,0,143021,
Rishra,1,0,0,124577,
Robertson Pet,1,0,0,162230,
Rohtak,1,0,0,374292,
Roorkee,1,0,0,118200,
Rudrapur,1,0,0,154554,
S.A.S. Nagar,1,0,0,166864,
Sagar,1,0,0,274556,
Saharanpur,1,0,0,705478,
Saharsa,1,0,0,156540,
Salem,1,0,0,829267,
Sambalpur,1,0,0,189366,
Sambhal,1,0,0,220813,
Sangli,1,0,0,502793,
Santipur,1,0,0,151777,
Sasaram,1,0,0,147408,
Satara,1,0,0,120195,
Satna,1,0,0,282977,
Sawai Madhopur,1,0,0,121106,
Secunderabad,1,0,0,217910,
Sehore,1,0,0,109118,
Seoni,1,0,0,102343,
Serampore,1,0,0,181842,
Shahjahanpur,1,0,0,329736,
Shamli,1,0,0,107266,
Shikohabad,1,0,0,107404,
Shillong,1,0,0,143229,
Shimla,1,0,0,169578,
Shimoga,1,0,0,322650,
Shivpuri,1,0,0,179977,
Sikar,1,0,0,244497,
Silchar,1,0,0,178865,
Siliguri,1,0,0,513264,
Singrauli,1,0,0,220257,
Sirsa,1,0,0,182534,
Sitapur,1,0,0,177234,
Siwan,1,0,0,135066,
Solapur,1,0,0,951558,
Sonipat,1,0,0,289333,
South Dum Dum,1,0,0,403316,
Srikakulam,1,0,0,137944,
Srinagar,1,0,0,1206419,
Sujangarh,1,0,0,101523,
Sultan Pur Majra,1,0,0,181554,
Sultanpur,1,0,0,107640,
Surat,1,0,0,4501610,
Surendranagar Dudhrej,1,0,0,177851,
Suryapet,1,0,0,106805,
Tadepalligudem,1,0,0,104032,
Tadpatri,1,0,0,108171,
Tambaram,1,0,0,174787,
Tenali,1,0,0,164937,
Thane,1,0,0,1841488,
Thanesar,1,0,0,155152,
Thanjavur,1,0,0,222943,
Thiruvananthapuram,1,0,0,788271,
Thoothukkudi,1,0,0,237830,
Thrissur,1,0,0,315957,
Tinsukia,1,0,0,116322,
Tiruchirappalli,1,0,0,847387,
Tirunelveli,1,0,0,473637,
Tirupati,1,0,0,295323,
Tiruppur,1,0,0,444352,
Tiruvannamalai,1,0,0,145278,
Tiruvottiyur,1,0,0,249446,
Titagarh,1,0,0,116541,
Tonk,1,0,0,165294,
Tumkur,1,0,0,302143,
Udaipur,1,0,0,451100,
Udgir,1,0,0,103550,
Udupi,1,0,0,144960,
Ujjain,1,0,0,515215,
Ulhasnagar,1,0,0,506098,
Uluberia,1,0,0,235345,
Unnao,1,0,0,177658,
Uttarpara Kotrung,1,0,0,159147,
Vadodara,1,0,0,1752371,
Valsad,1,0,0,139764,
Vapi,1,0,0,163630,
Varanasi,1,0,0,1198491,
Vasai,1,0,0,1222390,
Vellore,1,0,0,185803,
Veraval,1,0,0,171121,
Vidisha,1,0,0,155951,
Vijayawada,1,0,0,1143232,
Vizianagaram,1,0,0,228720,
Warangal,1,0,0,704570,
Wardha,1,0,0,106444,
Yamunanagar,1,0,0,217071,
Yavatmal,1,0,0,116551,
Indonesia,0,,,,
Ambon,1,0,431092,0,
Balikpapan,1,0,624033,0,
Banda Aceh,1,0,264054,0,
Bandar Lampung,1,0,1033601,0,
Bandjarmasin,1,0,692288,0,
Bandung,1,0,2525220,0,
Batam,1,0,1347762,0,
Bengkulu,1,0,354079,0,
Binjai,1,0,274063,0,
Bitung,1,0,193883,0,
Blitar,1,0,503718,0,
Bogor,1,0,5162044,0,
Cirebon,1,0,1891957,0,
Denpasar,1,0,938188,0,
Gorontalo,1,0,138590,0,
JAKARTA,1,1,10428001,0,
Jambi,1,0,585392,0,
Kediri,1,0,800716,0,
Madiun,1,0,237668,0,
Magelang,1,0,413946,0,
Makasar,1,0,1502459,0,
Malang,1,0,1382786,0,
Manado,1,0,427409,0,
Mataram,1,0,483908,0,
Medan,1,0,2269588,0,
Mojokerto,1,0,598783,0,
Padang,1,0,941136,0,
Pakalongan,1,0,498568,0,
Pakanbaru,1,0,1090735,0,
Palangkaraya,1,0,265154,0,
Palembang,1,0,1649298,0,
Pangkal Pinang,1,0,201207,0,
Pare Pare,1,0,142391,0,
Pasuruan,1,0,799137,0,
Pematang Siantar,1,0,254010,0,
Probolinggo,1,0,458338,0,
Salatiga,1,0,190872,0,
Samarinda,1,0,831608,0,
Semarang,1,0,459358,0,
Sukabumi,1,0,1301873,0,
Surabaya,1,0,2885245,0,
Surakarta,1,0,515865,0,
Tangerang,1,0,3050758,0,
Tanjung Balai,1,0,174049,0,
Tebing Tinggi,1,0,163292,0,
Tegal,1,0,895902,0,
Yogyakarta,1,0,427801,0,
Iran,0,,,,
Abadan,1,0,231476,0,
Ahar,1,0,100641,0,
Ahwaz,1,0,1184788,0,
Amol,1,0,237528,0,
Andimeshk,1,0,135116,0,
Andisheh,1,0,116062,0,
Arak,1,0,520944,0,
Ardabil,1,0,529374,0,
Babol,1,0,250217,0,
Bam,1,0,127396,0,
Bandar,1,0,526648,0,
Bandar,1,0,118564,0,
Bandar,1,0,162797,0,
Baneh,1,0,110218,0,
Behbahan,1,0,122604,0,
Birjand,1,0,203636,0,
Bojnurd,1,0,228931,0,
Borazjan,1,0,110567,0,
Borujerd,1,0,234997,0,
Bukand,1,0,193501,0,
Bushehr,1,0,223504,0,
Chabahar,1,0,106739,0,
Dezful,1,0,264709,0,
Dorud,1,0,121638,0,
Esfahan,1,0,1961260,0,
Fardis,1,0,181174,0,
Fasa,1,0,110825,0,
Golestan,1,0,239556,0,
Gonbad,1,0,151910,0,
Gorgan,1,0,350676,0,
Hamadan,1,0,554406,0,
Ilam,1,0,194030,0,
Iranshahr,1,0,113750,0,
Islam Shahr,1,0,448129,0,
Izeh,1,0,119399,0,
Jahrom,1,0,141634,0,
Jiroft,1,0,130429,0,
Kamal Shahr,1,0,141669,0,
Karaj,1,0,1592492,0,
Kashan,1,0,304487,0,
Kashmar,1,0,102282,0,
Kerman,1,0,537718,0,
Kermanshah,1,0,946651,0,
Khomeini shahr,1,0,247128,0,
Khoramabad,1,0,373416,0,
Khoramshahr,1,0,133097,0,
Khoy,1,0,198845,0,
Lahijan,1,0,101073,0,
Mahabad,1,0,168393,0,
Malard,1,0,281027,0,
Malayer,1,0,170237,0,
Marand,1,0,130825,0,
Maraqeh,1,0,175255,0,
Marivan,1,0,136654,0,
Marvadsht,1,0,148858,0,
Mashhad,1,0,3001184,0,
Masjed Soleyman,1,0,100497,0,
Miandoab,1,0,134425,0,
Mohammad Shahr,1,0,119418,0,
Najafabad,1,0,235281,0,
Nasim Shahr,1,0,200393,0,
Nazar Abad,1,0,119512,0,
Neyshabur,1,0,264375,0,
Orumiyeh,1,0,736224,0,
Pakdasht,1,0,236319,0,
Qaem shahr,1,0,204953,0,
Qarchak,1,0,231075,0,
Qazvin,1,0,402748,0,
Qods,1,0,309605,0,
Qom,1,0,1201158,0,
Quchan,1,0,101604,0,
Rafsanjan,1,0,161909,0,
Rasht,1,0,679995,0,
Robatkarim,1,0,105393,0,
Sabzewar,1,0,243700,0,
Sanandaj,1,0,412767,0,
Saqez,1,0,165258,0,
Sari,1,0,309820,0,
Saveh,1,0,220762,0,
Semnan,1,0,185129,0,
Shahinshahr,1,0,173329,0,
Shahr,1,0,190441,0,
Shahreza,1,0,134952,0,
Shahriar,1,0,309607,0,
Shahrud,1,0,150129,0,
Shiraz,1,0,1565572,0,
Shoshtar,1,0,101878,0,
Sirjan,1,0,199704,0,
Tabriz,1,0,1558693,0,
TEHRAN,1,1,8693706,0,
Torbat,1,0,140019,0,
Torbatejam,1,0,100449,0,
Varamin,1,0,225628,0,
Yasooj,1,0,134532,0,
Yazd,1,0,529673,0,
Zabol,1,0,134950,0,
Zahedan,1,0,587730,0,
Zanjan,1,0,430871,0,
Iraq,0,,,,
Abi Gharaq,1,0,108630,0,
Abna'a Al-Rafidain,1,0,153712,0,
Abu Al-Khaseeb,1,0,215247,0,
Abu-Gharib,1,0,149858,0,
Al-Adhamia,1,0,286036,0,
Al-Amara,1,0,541034,0,
Al-Amirya,1,0,101119,0,
Al-Basrah,1,0,1225793,0,
Al-Dair,1,0,101882,0,
Al-Dijail,1,0,105345,0,
Al-Diwaniya,1,0,421571,0,
Al-Fahama,1,0,619474,0,
Al-Falluja,1,0,321106,0,
Al-Forat,1,0,379668,0,
Al-Garma,1,0,129783,0,
Al-Gharraf,1,0,118081,0,
Al-Habbaniya,1,0,133202,0,
Al-Hamza,1,0,128472,0,
Al-Hartha,1,0,156391,0,
Al-Hassainya,1,0,147103,0,
Al-Hawiga,1,0,115910,0,
Al-Hilla,1,0,559834,0,
Al-Hindiya,1,0,113021,0,
Al-Hur,1,0,231635,0,
Al-Iskandaria,1,0,159516,0,
Al-Jisr,1,0,159306,0,
Al-Kadimiya,1,0,420968,0,
Al-Kaim,1,0,104989,0,
Al-Karkh,1,0,113397,0,
Al-Karrada Al-Sharqia,1,0,318615,0,
Al-Khalis,1,0,139713,0,
Al-Kifl,1,0,140182,0,
Al-Kufa,1,0,232670,0,
Al-Kut,1,0,436673,0,
Al-Madhatiya,1,0,135941,0,
Al-Mahawil,1,0,116899,0,
Al-Mamoon,1,0,985798,0,
Al-Mansour,1,0,434839,0,
Al-Mashroo,1,0,127344,0,
Al-Mejar Al-Kabir,1,0,108979,0,
Al-Mosal,1,0,1384260,0,
Al-Mounawara,1,0,287799,0,
Al-Muqdadya,1,0,157593,0,
Al-Najaf,1,0,746180,0,
Al-Nasir & Al-Salam,1,0,160606,0,
Al-Nasiriya,1,0,537544,0,
Al-Noamaniya,1,0,111647,0,
Al-Qasim,1,0,159420,0,
Al-Qayarra,1,0,129811,0,
Al-Qurna,1,0,136677,0,
Al-Ramadi,1,0,419053,0,
Al-Rifaai,1,0,155478,0,
Al-Rumaitha,1,0,118011,0,
Al-Rusafa,1,0,118018,0,
Al-Samawa,1,0,288948,0,
Al-Shamal,1,0,158475,0,
Al-Shattra,1,0,239680,0,
Al-Shirqat,1,0,208586,0,
Al-Sideeq Al-Akbar,1,0,172057,0,
Al-Suwaira,1,0,142924,0,
Al-Taji,1,0,164894,0,
Al-Wihda,1,0,204585,0,
Al-Yousifya,1,0,131507,0,
Al-Zohour,1,0,209918,0,
Al-Zubair,1,0,378758,0,
Arbil,1,0,787997,0,
BAGHDAD,1,1,1211934,0,
Bakrago,1,0,101892,0,
Baquba,1,0,276029,0,
Bashiqa,1,0,140258,0,
Beni Saad,1,0,127268,0,
Beygee,1,0,175395,0,
Duhouk,1,0,328113,0,
Kalar,1,0,144235,0,
Kerbela,1,0,514356,0,
Kirkuk,1,0,938336,0,
Mahmudiya,1,0,154741,0,
Qalat Siker,1,0,100315,0,
Saddat Al,1,0,116247,0,
Sader /,1,0,130153,0,
Samarra,1,0,203011,0,
Shat Al,1,0,136043,0,
Sulaimania,1,0,651173,0,
Suq AL,1,0,126652,0,
Telafar,1,0,206835,0,
That Al Salasil,1,0,277494,0,
Tikrit,1,0,182464,0,
Tooz,1,0,117458,0,
Zummar,1,0,128017,0,
Israel,0,,,,
Ashdod,1,0,222237,0,
Ashqelon,1,0,136199,0,
Bat Yam,1,0,128779,0,
Be'er Sheva,1,0,206680,0,
Bene Beraq,1,0,191369,0,
Bet Shemesh,1,0,112066,0,
Haifa,1,0,280339,0,
Holon,1,0,191731,0,
JERUSALEM,1,1,891977,0,
Netanya,1,0,212468,0,
Petah Tiqwa,1,0,238263,0,
Ramat Gan,1,0,154976,0,
Rehovot,1,0,137053,0,
Rishon Leziyyon,1,0,248591,0,
Tel Aviv,1,0,441379,0,
Japan,0,,,,
Abiko,1,0,131606,0,
Ageo,1,0,225196,0,
Aizuwakamatsu,1,0,124062,0,
Akashi,1,0,293409,0,
Akishima,1,0,111539,0,
Akita,1,0,315814,0,
Amagasaki,1,0,452563,0,
Anjo,1,0,184140,0,
Aomori,1,0,287648,0,
Asahikawa,1,0,339605,0,
Asaka,1,0,136299,0,
Ashikaga,1,0,149452,0,
Atsugi,1,0,225714,0,
Beppu,1,0,122138,0,
Chiba,1,0,971882,0,
Chigasaki,1,0,239348,0,
Chikusei,1,0,104573,0,
Chikushino,1,0,101081,0,
Chofu,1,0,229061,0,
Daito,1,0,123217,0,
Ebetsu,1,0,120636,0,
Ebina,1,0,130190,0,
Fuchu,1,0,260274,0,
Fuji,1,0,248399,0,
Fujieda,1,0,143605,0,
Fujimi,1,0,108102,0,
Fujimino,1,0,110970,0,
Fujinomiya,1,0,130770,0,
Fujisawa,1,0,423894,0,
Fukaya,1,0,143811,0,
Fukui,1,0,265904,0,
Fukuoka,1,0,1538681,0,
Fukushima,1,0,294247,0,
Fukuyama,1,0,464811,0,
Funabashi,1,0,622890,0,
Gifu,1,0,406735,0,
Habikino,1,0,112683,0,
Hachinohe,1,0,231257,0,
Hachioji,1,0,577513,0,
Hadano,1,0,167378,0,
Hakodate,1,0,265979,0,
Hakusan,1,0,109287,0,
Hamamatsu,1,0,797980,0,
Handa,1,0,116908,0,
Hatsukaichi,1,0,114906,0,
Higashihiroshima,1,0,192907,0,
Higashikurume,1,0,116632,0,
Higashimurayama,1,0,149956,0,
Higashiomi,1,0,114180,0,
Higashiosaka,1,0,502784,0,
Hikone,1,0,113679,0,
Himeji,1,0,535664,0,
Hino,1,0,186283,0,
Hirakata,1,0,404152,0,
Hiratsuka,1,0,258227,0,
Hirosaki,1,0,177411,0,
Hiroshima,1,0,1194034,0,
Hitachi,1,0,185054,0,
Hitachinaka,1,0,155689,0,
Hofu,1,0,115942,0,
Ibaraki,1,0,280033,0,
Ichihara,1,0,274656,0,
Ichikawa,1,0,481732,0,
Ichinomiya,1,0,380868,0,
Ichinoseki,1,0,121583,0,
Iida,1,0,101581,0,
Iizuka,1,0,129146,0,
Ikeda,1,0,103069,0,
Ikoma,1,0,118233,0,
Imabari,1,0,158114,0,
Inazawa,1,0,136867,0,
Iruma,1,0,148390,0,
Isahaya,1,0,138078,0,
Ise,1,0,127817,0,
Isehara,1,0,101514,0,
Isesaki,1,0,208814,0,
Ishinomaki,1,0,147214,0,
Itami,1,0,196883,0,
Iwaki,1,0,350237,0,
Iwakuni,1,0,136757,0,
Iwata,1,0,167210,0,
Izumi,1,0,186109,0,
Izumisano,1,0,100966,0,
Izumo,1,0,171938,0,
Joetsu,1,0,196987,0,
Kadoma,1,0,123576,0,
Kagoshima,1,0,599814,0,
Kakamigahara,1,0,144690,0,
Kakegawa,1,0,114602,0,
Kakogawa,1,0,267435,0,
Kamagaya,1,0,108917,0,
Kamakura,1,0,173019,0,
Kanazawa,1,0,465699,0,
Kanoya,1,0,103608,0,
Karatsu,1,0,122785,0,
Kariya,1,0,149765,0,
Kashihara,1,0,124111,0,
Kashiwa,1,0,413954,0,
Kasuga,1,0,110743,0,
Kasugai,1,0,306508,0,
Kasukabe,1,0,232709,0,
Kawachinagano,1,0,106987,0,
Kawagoe,1,0,350745,0,
Kawaguchi,1,0,578112,0,
Kawanishi,1,0,156375,0,
Kawasaki,1,0,1475213,0,
Kazo,1,0,112229,0,
Kirishima,1,0,125857,0,
Kiryu,1,0,114714,0,
Kisarazu,1,0,134141,0,
Kishiwada,1,0,194911,0,
Kitakyushu,1,0,961286,0,
Kitami,1,0,121226,0,
Kobe,1,0,1537272,0,
Kochi,1,0,337190,0,
Kodaira,1,0,190005,0,
Kofu,1,0,193125,0,
Koga,1,0,140946,0,
Koganei,1,0,121396,0,
Kokubunji,1,0,122742,0,
Komaki,1,0,149462,0,
Komatsu,1,0,106919,0,
Konosu,1,0,118072,0,
Koriyama,1,0,335444,0,
Koshigaya,1,0,337498,0,
Kuki,1,0,152311,0,
Kumagaya,1,0,198742,0,
Kumamoto,1,0,740822,0,
Kurashiki,1,0,477118,0,
Kure,1,0,228552,0,
Kurume,1,0,304552,0,
Kusatsu,1,0,137247,0,
Kushiro,1,0,174742,0,
Kuwana,1,0,140303,0,
Kyoto,1,0,1475183,0,
Machida,1,0,432348,0,
Maebashi,1,0,336154,0,
Marugame,1,0,110010,0,
Matsubara,1,0,120750,0,
Matsudo,1,0,483480,0,
Matsue,1,0,206230,0,
Matsumoto,1,0,243293,0,
Matsusaka,1,0,163863,0,
Matsuyama,1,0,514865,0,
Minoh,1,0,133411,0,
Misato,1,0,136521,0,
Mishima,1,0,110046,0,
Mitaka,1,0,186936,0,
Mito,1,0,270783,0,
Miyakonojo,1,0,165029,0,
Miyazaki,1,0,401138,0,
Moriguchi,1,0,143042,0,
Morioka,1,0,297631,0,
Musashino,1,0,144730,0,
Nagahama,1,0,118193,0,
Nagano,1,0,377598,0,
Nagaoka,1,0,275133,0,
Nagareyama,1,0,174373,0,
Nagasaki,1,0,429508,0,
Nagoya,1,0,2295638,0,
Naha,1,0,319435,0,
Nara,1,0,360310,0,
Narashino,1,0,167909,0,
Narita,1,0,131190,0,
Nasushiobara,1,0,117146,0,
Neyagawa,1,0,237518,0,
Niigata,1,0,810157,0,
Niihama,1,0,119903,0,
Niiza,1,0,162122,0,
Nishinomiya,1,0,487850,0,
Nishio,1,0,167990,0,
Nishitokyo,1,0,200012,0,
Nobeoka,1,0,125159,0,
Noda,1,0,153583,0,
Numazu,1,0,195633,0,
Obihiro,1,0,169327,0,
Odawara,1,0,194086,0,
Ogaki,1,0,159879,0,
Oita,1,0,478146,0,
Okayama,1,0,719474,0,
Okazaki,1,0,381051,0,
Okinawa,1,0,139279,0,
Ome,1,0,137381,0,
Omuta,1,0,117360,0,
Onomichi,1,0,138626,0,
Osaka,1,0,2691185,0,
Osaki,1,0,133391,0,
Oshu,1,0,119422,0,
Ota,1,0,219807,0,
Otaru,1,0,121924,0,
Otsu,1,0,340973,0,
Oyama,1,0,166760,0,
Saga,1,0,236372,0,
Sagamihara,1,0,720780,0,
Saijo,1,0,108174,0,
Saitama,1,0,1263979,0,
Sakado,1,0,101679,0,
Sakai,1,0,839310,0,
Sakata,1,0,106244,0,
Sakura,1,0,172739,0,
Sanda,1,0,112691,0,
Sano,1,0,118919,0,
Sapporo,1,0,1952356,0,
Sasebo,1,0,255439,0,
Sayama,1,0,152405,0,
Sendai,1,0,1082159,0,
Seto,1,0,129046,0,
Shimonoseki,1,0,268517,0,
Shizuoka,1,0,704989,0,
Shunan,1,0,144842,0,
Soka,1,0,247034,0,
Suita,1,0,374468,0,
Suzuka,1,0,196403,0,
Tachikawa,1,0,176295,0,
Tajimi,1,0,110441,0,
Takamatsu,1,0,420748,0,
Takaoka,1,0,172125,0,
Takarazuka,1,0,224903,0,
Takasaki,1,0,370884,0,
Takatsuki,1,0,351829,0,
Tama,1,0,146631,0,
Tochigi,1,0,159211,0,
Toda,1,0,136150,0,
Tokai,1,0,111944,0,
Tokorozawa,1,0,340386,0,
Tokushima,1,0,258554,0,
TOKYO,1,1,9272740,0,
Tomakomai,1,0,172737,0,
Tondabayashi,1,0,113984,0,
Toride,1,0,106570,0,
Tottori,1,0,193717,0,
Toyama,1,0,418686,0,
Toyohashi,1,0,374765,0,
Toyokawa,1,0,182436,0,
Toyonaka,1,0,395479,0,
Toyota,1,0,422542,0,
Tsu,1,0,279886,0,
Tsuchiura,1,0,140804,0,
Tsukuba,1,0,226963,0,
Tsuruoka,1,0,129652,0,
Tsuyama,1,0,103746,0,
Ube,1,0,169429,0,
Ueda,1,0,156827,0,
Uji,1,0,184678,0,
Urasoe,1,0,114232,0,
Urayasu,1,0,164024,0,
Uruma,1,0,118898,0,
Utsunomiya,1,0,518594,0,
Wakayama,1,0,364154,0,
Yachiyo,1,0,193152,0,
Yaizu,1,0,139462,0,
Yamagata,1,0,253832,0,
Yamaguchi,1,0,197422,0,
Yamato,1,0,232922,0,
Yao,1,0,268800,0,
Yatsushiro,1,0,127472,0,
Yokkaichi,1,0,311031,0,
Yokohama,1,0,3724844,0,
Yokosuka,1,0,406586,0,
Yonago,1,0,149313,0,
Zama,1,0,128737,0,
Jordan,0,,,,
AMMAN,1,1,3728346,0,
Aqaba,1,0,160265,0,
Irbid,1,0,542884,0,
Madaba,1,0,113771,0,
Mafraq,1,0,114490,0,
Mukhayyam Al,1,0,122152,0,
Ramtha,1,0,168134,0,
Russiefa,1,0,510391,0,
Salt,1,0,107874,0,
Zarqa,1,0,685941,0,
Kazakhstan,0,,,,
Aktau,1,0,182415,0,
Aktobe,1,0,482523,0,
Almaty,1,0,1828325,0,
ASTANA,1,1,1054481,0,
Atirau,1,0,267762,0,
Ekibastuz,1,0,143348,0,
Karaganda,1,0,499467,0,
Koktshetau,1,0,148053,0,
Kustanai,1,0,241342,0,
Kyzylorda,1,0,271069,0,
Pavlodar,1,0,344343,0,
Petropavlovsk,1,0,218494,0,
Rudni,1,0,129507,0,
Semipalatinsk,1,0,326273,0,
Shimkent,1,0,980628,0,
Taldykorgan,1,0,145288,0,
Taraz,1,0,356808,0,
Temirtau,1,0,186110,0,
Turkestan,1,0,163143,0,
Uralsk,1,0,301330,0,
Ust,1,0,330352,0,
Kuwait,0,,,,
Farwanyiah,1,0,101867,0,
Hawalli,1,0,127982,0,
Jaleeb Al,1,0,219629,0,
Salmiya,1,0,177009,0,
South Kheetan,1,0,113426,0,
Kyrgyzstan,0,,,,
BISHKEK,1,1,976734,991257,
Osh,1,0,256763,285372,
Laos,0,,,,
VIENTIANE,1,1,0,828494,
Lebanon,0,,,,
BEIRUT,1,1,0,363033,
Malaysia,0,,,,
Alor Setar,1,0,134611,0,
Bintulu Townland,1,0,138829,0,
Georgetown,1,0,224256,0,
Kajang dan Sungai Chua,1,0,113053,0,
Klang,1,0,292134,0,
Kota Kinabalu,1,0,248893,0,
KUALA LUMPUR,1,1,1824323,0,
Kuala Terengganu,1,0,241583,0,
Kuantan,1,0,412022,0,
Majlis Perbandaran Ipoh,1,0,483299,0,
MB Johor Bahru,1,0,510788,0,
Miri Townland,1,0,153663,0,
MP Kota Bharu,1,0,325913,0,
Petaling Jaya,1,0,215152,0,
Sandakan,1,0,199648,0,
Selayang Baru,1,0,183759,0,
Seremban,1,0,378429,0,
Shah Alam,1,0,192055,0,
Subang Jaya,1,0,208353,0,
Sungai Petani,1,0,199141,0,
Taiping,1,0,241470,0,
Tawau,1,0,145022,0,
Maldives,0,,,,
MALÉ,1,1,210248,0,
Mongolia,0,,,,
Bayan,1,0,103847,0,
Darkhan,1,0,104999,0,
Hovsgol,1,0,132763,0,
Orkhon,1,0,104992,0,
Ovorhangay,1,0,116105,0,
Selenge,1,0,110504,0,
ULAANBAATAR,1,1,1477174,0,
Myanmar,0,,,,
Bago,1,0,0,491434,
Dawei,1,0,0,125605,
Hpa,1,0,0,421575,
Loikaw,1,0,0,128401,
Magway,1,0,0,289247,
Mandalay,1,0,0,1225546,
Mawlamyine,1,0,0,289388,
Monywa,1,0,0,372095,
Myitkyina,1,0,0,306949,
NAY PYI TAW,1,1,0,1160242,
Pathein,1,0,0,287071,
Sittway,1,0,0,147899,
Taunggyi,1,0,0,381639,
Yangon,1,0,0,5211431,
Nepal,0,,,,
Bharatpur,1,0,143836,0,
Bhimdutta,1,0,104599,0,
Biratnagar,1,0,201125,0,
Birgunj,1,0,135904,0,
Butwal,1,0,118462,0,
Dhangadhi,1,0,101970,0,
Dharan,1,0,116181,0,
KATHMANDU,1,1,975453,0,
Lalitpur,1,0,220802,0,
Pokhara,1,0,255465,0,
Oman,0,,,,
Al Buraymi,1,0,107679,0,
Al Mudaybi,1,0,118164,0,
Al Rustaq,1,0,122985,0,
As Seeb,1,0,406771,0,
As Suwayq,1,0,181448,0,
Barka,1,0,151158,0,
Bawshar,1,0,372405,0,
Ibri,1,0,171555,0,
Jaalan Bani Bu Ali,1,0,103599,0,
MUSCAT,1,1,315443,0,
Mutrah,1,0,226219,0,
Nizwa,1,0,127180,0,
Saham,1,0,150416,0,
Salalah,1,0,368159,0,
Sohar,1,0,237632,0,
Sur,1,0,121061,0,
Pakistan,0,,,,
Faisalabad,1,0,3203846,0,
Gujranwala,1,0,2027001,0,
Hyderabad,1,0,1732693,0,
ISLAMABAD,1,1,1014825,0,
Karachi,1,0,14910352,0,
Lahore,1,0,11126285,0,
Multan,1,0,1871843,0,
Peshawar,1,0,1970042,0,
Quetta,1,0,1001205,0,
Rawalpindi,1,0,2098231,0,
Philippines,0,,,,
Angeles,1,0,411634,0,
Bacolod,1,0,561875,0,
Baguio,1,0,345366,0,
Butuan,1,0,337063,0,
Cagayan de Oro,1,0,675950,0,
Caloocan,1,0,1583978,0,
Cebu,1,0,922611,0,
Cotabato,1,0,299438,0,
Davao,1,0,1632991,0,
General Santos,1,0,594446,0,
Iligan,1,0,342618,0,
Iloilo,1,0,447992,0,
Isabela,1,0,112788,0,
Lapu,1,0,408112,0,
Las Piñas,1,0,588894,0,
Lucena City,1,0,266248,0,
Makati,1,0,582602,0,
Malabon,1,0,365525,0,
Mandaluyong,1,0,386276,0,
Mandaue,1,0,362654,0,
MANILA,1,1,1780148,0,
Marikina,1,0,450741,0,
Muntinlupa,1,0,504509,0,
Navotas,1,0,249463,0,
Olongapo,1,0,233040,0,
Paranaque,1,0,665822,0,
Pasay,1,0,416522,0,
Pasig,1,0,755300,0,
Puerto Princesa,1,0,255116,0,
Quezon City,1,0,2936116,0,
San Juan,1,0,122180,0,
Tacloban,1,0,242089,0,
Taguig,1,0,804915,0,
Valenzuela,1,0,620422,0,
Zamboanga,1,0,861799,0,
Qatar,0,,,,
Al-Khoor,1,0,202031,0,
Al-Rayyan,1,0,605712,0,
Al-Wakrah,1,0,299037,0,
DOHA,1,1,956457,0,
South Korea,0,,,,
Busan,1,0,3428923,0,
Daegu,1,0,2465268,0,
Daejeon,1,0,1531256,0,
Gwangju,1,0,1500977,0,
Incheon,1,0,2923047,0,
Jeju,1,0,634161,0,
Sejong,1,0,275594,0,
SEOUL,1,1,9776305,0,
Ulsan,1,0,1165646,0,
Saudi Arabia,0,,,,
Abha,1,0,236157,0,
Ad-Dammam,1,0,903312,0,
Al-Hawiyah,1,0,148151,0,
Al-Hufuf,1,0,660788,0,
Al-Jubayl,1,0,337778,0,
Al-Khubar,1,0,219679,0,
Al-Madinah,1,0,1100093,0,
Al-Qatif,1,0,118327,0,
Al-Qurrayyat,1,0,116162,0,
Al-Seeh,1,0,234607,0,
Ar'ar,1,0,167057,0,
Ath-Thuqbah,1,0,238066,0,
At-Ta'if,1,0,579970,0,
Buraydah,1,0,467410,0,
Dhahran,1,0,120521,0,
Hafar al-Batin,1,0,271642,0,
Ha'il,1,0,310897,0,
Jiddah,1,0,3430697,0,
Jizan,1,0,127743,0,
Khamis Mushayt,1,0,430828,0,
Makkah,1,0,1534731,0,
Najran,1,0,298288,0,
RIYADH,1,1,5188286,0,
Sekaka,1,0,150257,0,
Tabuk,1,0,512629,0,
Unayzah,1,0,152895,0,
Yanbu al-Bahr,1,0,233236,0,
Singapore,0,,,,
SINGAPORE,1,1,5638676,0,
Sri Lanka,0,,,,
COLOMBO,1,1,647100,0,
Dehiwala,1,0,210546,0,
Kandy,1,0,109343,0,
Moratuwa,1,0,177563,0,
Negombo,1,0,121701,0,
Sri Jayawardanapura Kotte,1,0,116366,0,
Palestine,0,,,,
EAST JERUSALEM,1,1,278552,0,
Gaza,1,0,583447,0,
Hebron,1,0,199319,0,
Jabalya,1,0,170646,0,
Khan Yunis,1,0,202682,0,
Nablus,1,0,155545,0,
Rafah,1,0,169851,0,
Syria,0,,,,
Aleppo,1,0,4450000,0,
Al-Hasakeh,1,0,1392000,0,
Al-Raqqah,1,0,865000,0,
Al-Sweida,1,0,349000,0,
DAMASCUS,1,1,1680000,0,
DAMASCUS,1,0,2529000,0,
Deir El-Zor,1,0,1111000,0,
Dra'a,1,0,930000,0,
Hama,1,0,1508000,0,
Homs,1,0,1667000,0,
Idleb,1,0,1376000,0,
Lattakia,1,0,951000,0,
Tartous,1,0,756000,0,
Tajikistan,0,,,,
DUSHANBE,1,1,823787,0,
Khujand,1,0,176710,0,
Thailand,0,,,,
Ang Thong,1,0,0,109207,
BANGKOK,1,1,0,8305218,
Buri Ram,1,0,0,375999,
Chachoengsao,1,0,0,206250,
Chai Nat,1,0,0,205456,
Chaiyaphum,1,0,0,205112,
Chanthaburi,1,0,0,243126,
Chiang Mai,1,0,0,967020,
Chiang Rai,1,0,0,455732,
Chon Buri,1,0,0,1158989,
Chumphon,1,0,0,147912,
Kalasin,1,0,0,428940,
Kamphaeng Phet,1,0,0,211774,
Kanchanaburi,1,0,0,292521,
Khon Kaen,1,0,0,703123,
Lampang,1,0,0,372463,
Lamphun,1,0,0,262832,
Loei,1,0,0,164180,
Lop Buri,1,0,0,235827,
Maha Sarakham,1,0,0,153740,
Mukdahan,1,0,0,180600,
Nakhon Pathom,1,0,0,339736,
Nakhon Phanom,1,0,0,123720,
Nakhon Ratchasima,1,0,0,653075,
Nakhon Sawan,1,0,0,225903,
Nakhon Si Thammarat,1,0,0,265606,
Narathiwat,1,0,0,133718,
Nong Bua Lam Phu,1,0,0,203142,
Nong Khai,1,0,0,232798,
Nonthaburi,1,0,0,797739,
Pathum Thani,1,0,0,757175,
Pattani,1,0,0,104617,
Phatthalung,1,0,0,244783,
Phayao,1,0,0,221062,
Phetchabun,1,0,0,172275,
Phetchaburi,1,0,0,175675,
Phichit,1,0,0,131283,
Phitsanulok,1,0,0,201466,
Phra Nakhon Si Ayutthaya,1,0,0,365736,
Phrae,1,0,0,156099,
Phuket,1,0,0,358159,
Prachuap Khiri Khan,1,0,0,177011,
Ranong,1,0,0,123596,
Ratchaburi,1,0,0,317886,
Rayong,1,0,0,445939,
Roi Et,1,0,0,365113,
Sa Kaeo,1,0,0,135536,
Sakon Nakhon,1,0,0,315788,
Samut Prakan,1,0,0,1082993,
Samut Sakhon,1,0,0,479186,
Saraburi,1,0,0,239281,
Si Sa Ket,1,0,0,160508,
Songkhla,1,0,0,800970,
Sukhothai,1,0,0,166782,
Suphan Buri,1,0,0,228496,
Surat Thani,1,0,0,410984,
Surin,1,0,0,153159,
Tak,1,0,0,146769,
Trat,1,0,0,110398,
Ubon Ratchathani,1,0,0,411954,
Udon Thani,1,0,0,483057,
Uttaradit,1,0,0,151047,
Yala,1,0,0,119744,
Yasothon,1,0,0,127173,
Timor,0,,,,
DILI,1,1,222323,0,
Turkey,0,,,,
Adana,1,0,0,2216475,
Adıyaman,1,0,251893,0,
Afyonkarahisar,1,0,229810,0,
Ağrı,1,0,117431,0,
Aksaray,1,0,220459,0,
Amasya,1,0,109240,0,
ANKARA,1,1,0,5445026,
Antalya,1,0,0,2364396,
Aydın,1,0,0,1080839,
Balıkesir,1,0,0,1204824,
Batman,1,0,411251,0,
Bingöl,1,0,117014,0,
Bolu,1,0,168187,0,
Bursa,1,0,0,2936803,
Çanakkale,1,0,132854,0,
Cizre,1,0,118953,0,
Çorum,1,0,265171,0,
Denizli,1,0,0,1018735,
Diyarbakir,1,0,0,1699901,
Düzce,1,0,169111,0,
Edirne,1,0,166494,0,
Elazığ,1,0,381794,0,
Ereğli,1,0,118030,0,
Erzurum,1,0,0,760476,
Eskişehir,1,0,0,860620,
Gaziantep,1,0,0,2005515,
Giresun,1,0,112415,0,
Hatay,1,0,0,1575226,
Isparta,1,0,230011,0,
Istanbul,1,0,0,15029231,
İzmir,1,0,0,4279677,
Kahramanmaraş,1,0,0,1127623,
Karabük,1,0,119548,0,
Karaman,1,0,158566,0,
Kastamonu,1,0,116737,0,
Kayseri,1,0,0,1376722,
Kırıkkale,1,0,194828,0,
Kırşehir,1,0,137290,0,
Kocaeli,1,0,0,1883270,
Konya,1,0,0,2180149,
Kütahya,1,0,244544,0,
Lüleburgaz,1,0,117075,0,
Malatya,1,0,0,786676,
Manisa,1,0,0,1413041,
Mardin,1,0,0,809719,
Mersin,1,0,0,1793931,
Muğla,1,0,0,938751,
Nevşehir,1,0,106738,0,
Niğde,1,0,141010,0,
Ordu,1,0,0,742341,
Osmaniye,1,0,233242,0,
Rize,1,0,117664,0,
Sakarya,1,0,0,990214,
Samsun,1,0,0,1312990,
Şanlıurfa,1,0,0,1985753,
Siirt,1,0,148906,0,
Sivas,1,0,344185,0,
Tekirdağ,1,0,0,1005463,
Tokat,1,0,152314,0,
Trabzon,1,0,0,786326,
Uşak,1,0,211187,0,
Van,1,0,0,1106891,
Yalova,1,0,119605,0,
Zonguldak,1,0,108424,0,
United Arab Emirates,0,,,,
ABU DHABI,1,1,527000,0,
Ajman,1,0,205000,0,
Al-Ayn,1,0,328000,0,
Al-Sharjah,1,0,488000,0,
Dubai,1,0,1089000,0,
Uzbekistan,0,,,,
Almalyk,1,0,0,127468,
Andizhan,1,0,427447,0,
Angren,1,0,0,183563,
Bukhara,1,0,276433,0,
Chirchik,1,0,0,154584,
Fergana,1,0,278510,0,
Jizzax,1,0,171734,0,
Karshi,1,0,267561,0,
Kokand,1,0,0,245509,
Margilan,1,0,0,201669,
Namangan,1,0,600209,0,
Navoi,1,0,135548,0,
Nukus,1,0,310945,0,
Samarkand,1,0,529633,0,
Shahrisabz,1,0,0,134531,
TASHKENT,1,1,2464933,0,
Termez,1,0,143790,0,
Urgentch,1,0,140180,0,
Yemen,0,,,,
Adan,1,0,684322,684322,
SANA'A,1,1,1976286,2022867,
Åland Islands,0,,,,
MARIEHAMN,1,1,11709,0,
Albania,0,,,,
Durrës,1,0,113249,0,
TIRANA,1,1,418495,0,
Andorra,0,,,,
ANDORRA LA VELLA,1,1,0,22205,
Austria,0,,,,
Graz,1,0,286292,0,
Innsbruck,1,0,132493,0,
Klagenfurt,1,0,100369,0,
Linz,1,0,204846,0,
Salzburg,1,0,153377,0,
VIENNA,1,1,1888776,0,
Belarus,0,,,,
Baranovichi,1,0,179166,0,
Bobruisk,1,0,217546,0,
Borisov,1,0,143051,0,
Brest,1,0,347576,0,
Gomel,1,0,0,535693,
Grodno,1,0,370919,0,
Lida,1,0,101616,0,
MINSK,1,1,1982444,0,
Mogilev,1,0,381353,0,
Mozir,1,0,111733,0,
Novopolotsk,1,0,0,107479,
Orsha,1,0,115052,0,
Pinsk,1,0,137961,0,
Soligorsk,1,0,106627,0,
Vitebsk,1,0,0,377932,
Belgium,0,,,,
Anderlecht,1,0,108940,0,
Antwerp,1,0,498473,718730,
Brugge,1,0,117260,117260,
BRUSSELS,1,1,174383,1550299,
Charleroi,1,0,204150,291806,
Gent,1,0,248358,280151,
Liège,1,0,195965,491767,
Namur,1,0,110175,110175,
Schaerbeek,1,0,127525,0,
Bulgaria,0,,,,
Burgas,1,0,202694,0,
Plovdiv,1,0,345213,0,
Ruse,1,0,144125,0,
SOFIA,1,1,1238438,0,
Stara Zagora,1,0,136307,0,
Varna,1,0,335854,0,
Croatia,0,,,,
Osijek,1,0,108048,0,
Rijeka,1,0,128624,0,
Split,1,0,178102,0,
ZAGREB,1,1,790017,0,
Czech Republic,0,,,,
Brno,1,0,379527,0,
Liberec,1,0,103979,0,
Olomouc,1,0,100494,0,
Ostrava,1,0,290450,0,
Plzen,1,0,170936,0,
PRAGUE,1,1,1294513,0,
Denmark,0,,,,
Ålborg,1,0,213271,0,
Århus,1,0,341497,0,
Esbjerg,1,0,116061,0,
Frederiksberg,1,0,103914,0,
KOBENHAVN,1,1,616098,0,
Odense,1,0,202663,0,
Vejle,1,0,114464,0,
Estonia,0,,,,
TALLINN,1,1,430805,0,
Faeroe Islands,0,,,,
TÓRSHAVN,1,1,13262,19600,
Finland,0,,,,
Espoo,1,0,276814,0,
HELSINKI,1,1,639227,0,
Jyvaskyla,1,0,139519,0,
Kuopio,1,0,117975,0,
Lahti,1,0,119513,0,
Oulu,1,0,201168,0,
Tampere,1,0,230064,0,
Turku,1,0,188637,0,
Vantaa,1,0,221184,0,
France,0,,,,
Aix,1,0,142668,0,
Amiens,1,0,132874,162637,
Angers,1,0,151520,225978,
Argenteuil,1,0,110388,0,
Besançon,1,0,116676,135448,
Bordeaux,1,0,249712,904359,
Boulogne,1,0,117931,0,
Brest,1,0,139163,200530,
Caen,1,0,106260,198639,
Clermont,1,0,141398,265892,
Dijon,1,0,155114,243244,
Grenoble,1,0,160649,512591,
Le Havre,1,0,172366,237578,
Le Mans,1,0,143325,210018,
Lille,1,0,232741,1039397,
Limoges,1,0,133627,183347,
Lyon,1,0,513275,1639558,
Marseille,1,0,861635,1585498,
Metz,1,0,117492,285268,
Montpellier,1,0,277639,428909,
Montreuil,1,0,106691,0,
Mulhouse,1,0,110370,246511,
Nancy,1,0,105162,285659,
Nantes,1,0,303382,633690,
Nice,1,0,342522,943354,
Nîmes,1,0,150672,184750,
Orléans,1,0,114644,278131,
PARIS,1,1,2206488,10706072,
Perpignan,1,0,121934,200971,
Reims,1,0,184076,212949,
Rennes,1,0,215366,330871,
Rouen,1,0,110169,467133,
Saint,1,0,111103,0,
Saint,1,0,171057,373130,
Strasbourg,1,0,277270,461101,
Toulon,1,0,167479,569793,
Toulouse,1,0,471941,948433,
Tours,1,0,136252,353042,
Villeurbanne,1,0,148665,0,
Germany,0,,,,
Aachen,1,0,246272,0,
Augsburg,1,0,292851,0,
Bergisch Gladbach,1,0,111627,0,
BERLIN,1,1,3613495,0,
Bielefeld,1,0,332552,0,
Bochum,1,0,365529,0,
Bonn,1,0,325490,0,
Bottrop,1,0,117364,0,
Braunschweig,1,0,248023,0,
Bremen,1,0,568006,0,
Bremerhaven,1,0,113026,0,
Chemnitz,1,0,246855,0,
Cottbus,1,0,101036,0,
Darmstadt,1,0,158254,0,
Dortmund,1,0,586600,0,
Dresden,1,0,551072,0,
Duisburg,1,0,498110,0,
Düsseldorf,1,0,617280,0,
Erfurt,1,0,212988,0,
Erlangen,1,0,110998,0,
Essen,1,0,583393,0,
Frankfurt,1,0,746878,0,
Freiburg im Breisgau,1,0,229636,0,
Fürth,1,0,126526,0,
Gelsenkirchen,1,0,260305,0,
Göttingen,1,0,119529,0,
Hagen,1,0,187730,0,
Halle,1,0,239173,0,
Hamburg,1,0,1830584,0,
Hamm,1,0,179185,0,
Hannover,1,0,535061,0,
Heidelberg,1,0,160601,0,
Heilbronn,1,0,125113,0,
Herne,1,0,156490,0,
Hildesheim,1,0,101744,0,
Ingolstadt,1,0,135244,0,
Jena,1,0,111099,0,
Karlsruhe,1,0,311919,0,
Kassel,1,0,200736,0,
Kiel,1,0,247943,0,
Koblenz,1,0,113844,0,
Köln,1,0,1080394,0,
Krefeld,1,0,226699,0,
Leipzig,1,0,581980,0,
Leverkusen,1,0,163577,0,
Lübeck,1,0,216318,0,
Ludwigshafen am Rhein,1,0,168497,0,
Magdeburg,1,0,238478,0,
Mainz,1,0,215110,0,
Mannheim,1,0,307997,0,
Moers,1,0,103949,0,
Mönchengladbach,1,0,262188,0,
Mülheim an der Ruhr,1,0,171265,0,
Munich,1,0,1456039,0,
Münster,1,0,313559,0,
Neuss,1,0,153810,0,
Nuremberg,1,0,515201,0,
Oberhausen,1,0,211422,0,
Offenbach am Main,1,0,126658,0,
Oldenburg,1,0,167081,0,
Osnabrück,1,0,164374,0,
Paderborn,1,0,149075,0,
Pforzheim,1,0,124289,0,
Potsdam,1,0,175710,0,
Recklinghausen,1,0,113360,0,
Regensburg,1,0,150894,0,
Remscheid,1,0,110584,0,
Reutlingen,1,0,115762,0,
Rostock,1,0,208409,0,
Saarbrücken,1,0,180966,0,
Salzgitter,1,0,104548,0,
Siegen,1,0,102337,0,
Solingen,1,0,158803,0,
Stuttgart,1,0,632743,0,
Trier,1,0,110013,0,
Ulm,1,0,125596,0,
Wiesbaden,1,0,278654,0,
Wolfsburg,1,0,123914,0,
Wuppertal,1,0,353590,0,
Würzburg,1,0,126635,0,
Gibraltar,0,,,,
GIBRALTAR,1,1,34003,0,
Greece,0,,,,
ATHENS,1,1,664046,0,
Calithèa,1,0,100641,0,
Iraclion,1,0,140730,0,
Larissa,1,0,144651,0,
Patrai,1,0,167446,0,
Pésterion,1,0,139981,0,
Pireas,1,0,163688,0,
Thessaloniki,1,0,315196,0,
Guernsey,0,,,,
ST. PETER PORT,1,1,18599,0,
Holy See,0,,,,
VATICAN CITY,1,1,451,0,
Hungary,0,,,,
BUDAPEST,1,1,1751219,2595024,
Debrecen,1,0,202098,265861,
Györ,1,0,129698,233797,
Kecskemét,1,0,110726,132518,
Miskolc,1,0,156414,246373,
Nyiregyhaza,1,0,117405,147467,
Pécs,1,0,144432,179882,
Szeged,1,0,161130,204062,
Iceland,0,,,,
REYKJAVIK,1,1,124644,219681,
Ireland,0,,,,
Cork,1,0,124391,0,
DUBLIN,1,1,544107,0,
Isle of Man,0,,,,
DOUGLAS,1,1,26218,0,
Italy,0,,,,
Ancona,1,0,100810,0,
Bari,1,0,323784,0,
Bergamo,1,0,120605,0,
Bologna,1,0,388814,0,
Bolzano,1,0,107134,0,
Brescia,1,0,196708,0,
Cagliari,1,0,154095,0,
Catania,1,0,312508,0,
Ferrara,1,0,132144,0,
Firenze,1,0,381603,0,
Foggia,1,0,151549,0,
Forli,1,0,117905,0,
Genova,1,0,581849,0,
Giugliano in Campania,1,0,124100,0,
Latina,1,0,126311,0,
Livorno,1,0,158644,0,
Messina,1,0,235628,0,
Milano,1,0,1358871,0,
Modena,1,0,185000,0,
Monza,1,0,123277,0,
Napoli,1,0,968165,0,
Novara,1,0,104234,0,
Padova,1,0,210135,0,
Palermo,1,0,671070,0,
Parma,1,0,195052,0,
Perugia,1,0,166180,0,
Pescara,1,0,119819,0,
Piacenza,1,0,102719,0,
Prato,1,0,192897,0,
Ravenna,1,0,159086,0,
Reggio di Calabria,1,0,181999,0,
Reggio nell'Emilia,1,0,171718,0,
Rimini,1,0,149156,0,
ROMA,1,1,2873147,0,
Salerno,1,0,134410,0,
Sassari,1,0,127151,0,
Siracusa,1,0,121818,0,
Taranto,1,0,198922,0,
Terni,1,0,111322,0,
Torino,1,0,884680,0,
Trento,1,0,117707,0,
Trieste,1,0,204286,0,
Venezia,1,0,261613,0,
Verona,1,0,257314,0,
Vicenza,1,0,111909,0,
Jersey,0,,,,
ST. HELIER,1,1,28310,0,
Latvia,0,,,,
RIGA,1,1,637971,0,
Liechtenstein,0,,,,
VADUZ,1,1,5605,0,
Lithuania,0,,,,
Kaunas,1,0,290527,0,
Klaipeda,1,0,150109,0,
Shauliai,1,0,100895,0,
VILNIUS,1,1,546382,0,
Luxembourg,0,,,,
LUXEMBOURG,1,1,116323,0,
Malta,0,,,,
VALLETTA,1,1,5735,0,
Monaco,0,,,,
MONACO,1,1,31109,0,
Montenegro,0,,,,
PODGORICA,1,1,185937,0,
Netherlands,0,,,,
Alkmaar,1,0,107106,0,
Almere,1,0,196932,0,
Alphen aan den,1,0,107396,0,
Amersfoort,1,0,152481,0,
AMSTERDAM,1,1,821752,0,
Apeldoorn,1,0,158099,0,
Arnhem,1,0,152293,0,
Breda,1,0,180937,0,
Delft,1,0,101030,0,
Dordrecht,1,0,118899,0,
Ede,1,0,111575,0,
Eindhoven,1,0,223209,0,
Emmen,1,0,107775,0,
Enschede,1,0,158553,0,
Groningen,1,0,200336,0,
Haarlem,1,0,156645,0,
Haarlemmermeer,1,0,144152,0,
Leeuwarden,1,0,107691,0,
Leiden,1,0,121562,0,
Maastricht,1,0,122397,0,
Nijmegen,1,0,170681,0,
Rotterdam,1,0,623652,0,
s-Gravenhage,1,0,514861,0,
s-Hertogenbosch,1,0,150889,0,
Tilburg,1,0,211648,0,
Utrecht,1,0,334176,0,
Venlo,1,0,100536,0,
Westland,1,0,104302,0,
Zaanstad,1,0,151418,0,
Zoetermeer,1,0,124025,0,
Zwolle,1,0,123861,0,
North Macedonia,0,,,,
SKOPJE,1,1,546824,0,
Norway,0,,,,
OSLO,1,1,634293,0,
Poland,0,,,,
Bialystok,1,0,294362,0,
Bielsko,1,0,170005,0,
Bydgoszcz,1,0,352870,0,
Bytom,1,0,167359,0,
Chorzów,1,0,108205,0,
Czestochowa,1,0,223373,0,
Dabrowa Górnicza,1,0,120478,0,
Elblag,1,0,118925,0,
Gdansk,1,0,463352,0,
Gdynia,1,0,243910,0,
Gliwice,1,0,180193,0,
Gorzów Wielkopolski,1,0,122299,0,
Kalisz,1,0,100812,0,
Katowice,1,0,301202,0,
Kielce,1,0,195655,0,
Koszalin,1,0,105989,0,
Kraków,1,0,759104,0,
Lódz,1,0,692284,0,
Lublin,1,0,341794,0,
Olsztyn,1,0,173693,0,
Opole,1,0,127084,0,
Plock,1,0,119840,0,
Poznan,1,0,538439,0,
Radom,1,0,212765,0,
Ruda Slaska,1,0,137546,0,
Rybnik,1,0,137436,0,
Rzeszów,1,0,186391,0,
Sosnowiec,1,0,203001,0,
Szczecin,1,0,401940,0,
Tarnów,1,0,106709,0,
Torun,1,0,199490,0,
Tychy,1,0,126661,0,
Walbrzych,1,0,112720,0,
WARSZAWA,1,1,1754511,0,
Wloclawek,1,0,110563,0,
Wroclaw,1,0,634873,0,
Zabrze,1,0,172909,0,
Zielona Góra,1,0,139818,0,
Portugal,0,,,,
Amadora,1,0,179056,0,
LISBOA,1,1,505526,0,
Porto,1,0,214353,0,
Republic of Moldova,0,,,,
CHIŞINĂU,1,1,339079,0,
Romania,0,,,,
BUCURESTI,1,1,1826830,0,
Russia,0,,,,
Abakan,1,0,168655,0,
Achinsk,1,0,107943,109229,
Almetievsk,1,0,148384,0,
Anapa,1,0,0,156928,
Angarsk,1,0,231944,0,
Arkhangelsk,1,0,350258,357264,
Armavir,1,0,190831,209742,
Artem,1,0,102605,112102,
Arzamas,1,0,105506,0,
Astrakhan,1,0,526363,0,
Balakovo,1,0,196918,0,
Balashikha,1,0,228567,238284,
Barnaul,1,0,625679,686306,
Bataisk,1,0,115016,0,
Belgorod,1,0,369815,0,
Belovo,1,0,0,132144,
Berezniki,1,0,153806,0,
Biisk,1,0,206327,215780,
Blagoveshchensk,1,0,216691,222065,
Bor,1,0,0,122201,
Bratsk,1,0,242604,0,
Bryansk,1,0,411798,430987,
Cheboksary,1,0,462669,473189,
Chelyabinsk,1,0,1149829,0,
Cherepovets,1,0,315186,0,
Cherkessk,1,0,126884,0,
Chita,1,0,329391,329868,
Derbent,1,0,119647,0,
Dimitrovgrad,1,0,120750,0,
Domodedovo,1,0,0,142743,
Dzerzhinsk,1,0,238327,248649,
Ekaterinburg,1,0,1386909,1420285,
Elektrostal,1,0,156136,0,
Elets,1,0,107347,0,
Elista,1,0,104177,108753,
Engels,1,0,210190,211825,
Esentuky,1,0,101851,0,
Groznyi,1,0,276524,0,
Hasaviurt,1,0,133188,0,
Irkutsk,1,0,601993,0,
Ivanovo,1,0,408952,0,
Izhevsk,1,0,631182,0,
Kaliningrad,1,0,437456,0,
Kaluga,1,0,328871,344766,
Kamensk,1,0,172639,174493,
Kamyshin,1,0,117352,0,
Kaspiysk,1,0,102421,0,
Kazan,1,0,1168745,0,
Kemerovo,1,0,538188,0,
Khabarovsk,1,0,589596,0,
Khimki,1,0,218275,0,
Kirov,1,0,480594,505346,
Kiselevsk,1,0,0,101180,
Kislovodsk,1,0,129313,136142,
Kolomna,1,0,144838,0,
Komsomolsk,1,0,259081,0,
Kopeysk,1,0,139161,141291,
Korolev,1,0,186460,0,
Kostroma,1,0,270366,0,
Kovrov,1,0,0,346922,
Krasnodar,1,0,773970,861181,
Krasnogorsk,1,0,125198,125787,
Krasnoyarsk,1,0,1006856,1007654,
Kurgan,1,0,326729,0,
Kursk,1,0,425950,0,
Kyzyl,1,0,112659,0,
Leninsk,1,0,100073,102285,
Lipetsk,1,0,508585,0,
Lyubertsy,1,0,178884,0,
Magadan,1,0,95263,101933,
Magnitogorsk,1,0,410733,0,
Maikop,1,0,144579,167281,
Makhachkala,1,0,575243,701753,
Mezhdurechensk,1,0,100278,102465,
Miass,1,0,150806,166205,
MOSCOW,1,1,11918057,0,
Murmansk,1,0,303754,0,
Murom,1,0,113330,122545,
Mytishchi,1,0,176825,185204,
Naberezhnye Tchelny,1,0,517831,0,
Nakhodka,1,0,158649,159633,
Naltchik,1,0,239230,265051,
Nazran,1,0,100574,0,
Neftekamsk,1,0,123202,135013,
Nefteyugansk,1,0,125528,0,
Nevinnomyssk,1,0,117949,0,
Nizhnekamsk,1,0,235179,235279,
Nizhnevartovsk,1,0,261011,0,
Nizhny Novgorod,1,0,1257260,1266231,
Nizhny Tagil,1,0,358651,362185,
Noginsk,1,0,101779,103843,
Norilsk,1,0,177506,178363,
Novocheboksarsk,1,0,0,124288,
Novocherkassk,1,0,171081,0,
Novokuybishevsk,1,0,107244,109521,
Novokuznetsk,1,0,549383,0,
Novomoskovsk,1,0,129555,141893,
Novorossiysk,1,0,248857,305421,
Novoshakhtinsk,1,0,110243,0,
Novosibirsk,1,0,1511369,0,
Novotroitsk,1,0,0,103061,
Novy Urengoy,1,0,114332,0,
Noyabrsk,1,0,108662,0,
Obninsk,1,0,105722,0,
Odintsovo,1,0,137706,143848,
Oktyabrsky,1,0,111109,0,
Omsk,1,0,1158627,0,
Orekhovo,1,0,121341,0,
Orel,1,0,318642,0,
Orenburg,1,0,555420,571041,
Orsk,1,0,237194,241327,
Penza,1,0,519948,0,
Perm,1,0,1007272,1007285,
Pervouralsk,1,0,125421,149796,
Petropavlovsk,1,0,180702,0,
Petrozavodsk,1,0,267102,0,
Podolsk,1,0,200059,0,
Prokopyevsk,1,0,206023,0,
Pskov,1,0,205062,0,
Pushkino,1,0,104020,0,
Pyatigorsk,1,0,144603,212968,
Rostov,1,0,1100091,0,
Rubtsovsk,1,0,146075,0,
Ryazan,1,0,526919,0,
Rybinsk,1,0,197359,0,
Salavat,1,0,155174,0,
Samara,1,0,1170381,1170485,
Saransk,1,0,298103,326473,
Sarapyul,1,0,100362,0,
Saratov,1,0,838321,0,
Sergiev Posad,1,0,109076,115858,
Serov,1,0,0,107904,
Serpukhov,1,0,126729,0,
Severodvinsk,1,0,189313,190513,
Seversk,1,0,109630,116340,
Shakhty,1,0,238031,0,
Shchelkovo,1,0,111406,113726,
Smolensk,1,0,330451,0,
Sochi,1,0,364171,441407,
St. Petersburg,1,0,4990602,0,
Stary Oskol,1,0,220719,256790,
Stavropol,1,0,408361,408560,
Sterlitamak,1,0,275087,0,
Surgut,1,0,321062,0,
Syktivkar,1,0,239341,255283,
Syzran,1,0,177404,178205,
Taganrog,1,0,255671,0,
Tambov,1,0,281348,0,
Tobolsk,1,0,0,101955,
Tolyatti,1,0,719363,0,
Tomsk,1,0,543596,565000,
Tula,1,0,496656,0,
Tver,1,0,407896,0,
Tyumen,1,0,621918,644799,
Ufa,1,0,1075007,1084420,
Uhta,1,0,99680,121479,
Ulan,1,0,413850,0,
Ulyanovsk,1,0,614878,637637,
Ussuriisk,1,0,163465,189502,
Velikiy Novgorod,1,0,219941,0,
Vladikavkaz,1,0,309173,327448,
Vladimir,1,0,346922,349525,
Vladivostok,1,0,598927,624281,
Volgodonsk,1,0,170189,0,
Volgograd,1,0,1018762,0,
Vologda,1,0,305397,313679,
Volzhsky,1,0,320761,327460,
Voronezh,1,0,997447,0,
Yakutsk,1,0,282419,298926,
Yaroslavl,1,0,597161,0,
Yoshkar,1,0,254987,265626,
Yuzhno,1,0,188242,195104,
Zheleznodorozhny,1,0,138814,0,
Zhukovsky,1,0,106555,0,
Zlatoust,1,0,172972,175178,
San Marino,0,,,,
SAN MARINO,1,1,4127,0,
Serbia,0,,,,
BELGRADE,1,1,1378682,1687132,
Čačak,1,0,71883,111075,
Kragujevac,1,0,150623,177977,
Kraljevo,1,0,66688,119585,
Kruševac,1,0,57213,122437,
Leskovac,1,0,63618,136888,
Niš,1,0,185853,256825,
Novi Pazar,1,0,72372,105490,
Novi Sad,1,0,291706,356126,
Pancevo,1,0,89024,120361,
Šabac,1,0,52929,111709,
Smederevo,1,0,62593,104125,
Subotica,1,0,103694,137753,
Zrenjanin,1,0,73945,117735,
Slovakia,0,,,,
BRATISLAVA,1,1,427744,0,
Kosice,1,0,239119,0,
Slovenia,0,,,,
LJUBLJANA,1,1,279650,281494,
Maribor,1,0,94248,107834,
Spain,0,,,,
A Coruña,1,0,244474,0,
Albacete,1,0,172933,0,
Alcalá de Henares,1,0,194030,0,
Alcobendas,1,0,115450,0,
Alcorcón,1,0,168821,0,
Algeciras,1,0,121273,0,
Alicante/Alacant,1,0,330782,0,
Almería,1,0,196120,0,
Badajoz,1,0,150536,0,
Badalona,1,0,216794,0,
Barakaldo,1,0,100374,0,
Barcelona,1,0,1620576,0,
Bilbao,1,0,345465,0,
Burgos,1,0,175772,0,
Cádiz,1,0,117513,0,
Cartagena,1,0,214060,0,
Castellón de la Plana/Castelló de la Plana,1,0,170193,0,
Córdoba,1,0,325812,0,
Donostia/San Sebastián,1,0,186517,0,
Dos Hermanas,1,0,132859,0,
Elche/Elx,1,0,229650,0,
Fuenlabrada,1,0,194127,0,
Getafe,1,0,179517,0,
Gijón,1,0,272104,0,
Granada,1,0,232489,0,
Huelva,1,0,144686,0,
Jaén,1,0,113847,0,
Jerez de la Frontera,1,0,212897,0,
Las Palmas de Gran Canaria,1,0,378083,0,
Leganés,1,0,188072,0,
León,1,0,125044,0,
L'Hospitalet de Llobregat,1,0,259208,0,
Lleida,1,0,137591,0,
Logroño,1,0,151046,0,
MADRID,1,1,3203157,0,
Málaga,1,0,570014,0,
Marbella,1,0,141317,0,
Mataró,1,0,126557,0,
Móstoles,1,0,206842,0,
Murcia,1,0,445212,0,
Ourense,1,0,105570,0,
Oviedo,1,0,220160,0,
Palma de Mallorca,1,0,408076,0,
Pamplona/Iruña,1,0,198102,0,
Parla,1,0,127077,0,
Reus,1,0,103300,0,
Sabadell,1,0,210832,0,
Salamanca,1,0,144207,0,
San Cristóbal de La Laguna,1,0,154602,0,
Santa Coloma de Gramenet,1,0,118209,0,
Santa Cruz de Tenerife,1,0,204274,0,
Santander,1,0,171997,0,
Sevilla,1,0,689072,0,
Tarragona,1,0,131903,0,
Telde,1,0,102214,0,
Terrassa,1,0,217481,0,
Torrejón de Ardoz,1,0,128871,0,
Valencia,1,0,789610,0,
Valladolid,1,0,299290,0,
Vigo,1,0,293314,0,
Vitoria,1,0,248076,0,
Zaragoza,1,0,665909,0,
Sweden,0,,,,
Göteborg,1,0,491630,0,
Helsingborg,1,0,124188,0,
Jönköping,1,0,122952,0,
Linköping,1,0,139474,0,
Malmö,1,0,278523,0,
Norrköping,1,0,126072,0,
Orebro,1,0,129703,0,
STOCKHOLM,1,1,789024,0,
Umeå,1,0,111503,0,
Uppsala,1,0,186364,0,
Västerås,1,0,133324,0,
Switzerland,0,,,,
Baden,1,0,30304,110693,
Bâle,1,0,171513,547761,
BERN,1,1,133798,418225,
Fribourg,1,0,38521,108809,
Genève,1,0,200548,592060,
Lausanne,1,0,138905,420757,
Lugano,1,0,63494,151207,
Luzern,1,0,81401,229407,
Olten,1,0,29950,100866,
St. Gallen,1,0,75522,166762,
Winterthur,1,0,110912,141619,
Zug,1,0,30205,130668,
Zürich,1,0,409241,1369041,
Ukraine,0,,,,
Alchevsk,1,0,107542,0,
Berdyansk,1,0,111955,114999,
Bila Tserkva,1,0,205247,0,
Cherkasy,1,0,275469,276363,
Chernihiv,1,0,283579,0,
Chernivtsi,1,0,261924,0,
Dnepropetrovsk,1,0,990381,992812,
Dniprodzerzhynsk,1,0,234516,241432,
Donets'k,1,0,910252,926086,
Enakievo,1,0,78867,106873,
Gorlivka,1,0,243536,260223,
Ivano,1,0,232502,254696,
Kharkiv,1,0,1430515,0,
Kherson,1,0,287826,324888,
Khmelnitsky,1,0,265583,0,
Kirovograd,1,0,225489,233509,
Kramatorsk,1,0,155155,188096,
Krasny Lutch,1,0,80602,120539,
Krementchug,1,0,220271,0,
Krivoy Rog,1,0,628181,630941,
KYIV,1,1,2893215,0,
Lugansk,1,0,403254,429077,
Luts'k,1,0,213422,0,
Lviv,1,0,720105,750044,
Lysychansk,1,0,97935,112489,
Makijivka,1,0,343102,380789,
Mariupol,1,0,441098,462319,
Melitopol,1,0,153839,0,
Nikolaev,1,0,481760,0,
Nikopol,1,0,114156,0,
Odessa,1,0,993831,0,
Pavlograd,1,0,107127,0,
Poltava,1,0,282523,0,
Rivne,1,0,243152,0,
Sievierodonetsk,1,0,104828,115013,
Slovyansk,1,0,109374,112479,
Sumy,1,0,263681,266550,
Ternopil,1,0,217171,0,
Uzhhorod,1,0,112436,0,
Vinnitsa,1,0,370017,0,
Zaporozhye,1,0,741496,0,
Zhytomyr,1,0,265679,0,
United Kingdom,0,,,,
Aberdeen,1,0,207932,0,
Belfast,1,0,280211,0,
Birmingham,1,0,1085810,0,
Bolton,1,0,194189,0,
Bournemouth,1,0,187503,0,
Bradford,1,0,349561,0,
Brighton and Hove,1,0,229700,0,
Bristol,1,0,535907,0,
Cardiff,1,0,335145,0,
Coventry,1,0,325949,0,
Derby,1,0,255394,0,
Edinburgh,1,0,482005,0,
Glasgow,1,0,1209143,0,
Kingston,1,0,284321,0,
Leeds,1,0,474632,0,
Leicester,1,0,443760,0,
Liverpool,1,0,552267,0,
LONDON,1,1,8135667,0,
Luton,1,0,211228,0,
Manchester,1,0,510746,0,
Newcastle,1,0,268064,0,
Northampton,1,0,215173,0,
Nottingham,1,0,289301,0,
Plymouth,1,0,234982,0,
Portsmouth,1,0,238137,0,
Reading,1,0,218705,0,
Sheffield,1,0,518090,0,
Southampton,1,0,253651,0,
Stoke,1,0,270726,0,
Wolverhampton,1,0,210319,0,
American Samoa,0,,,,
PAGO PAGO,1,1,3656,0,
Australia,0,,,,
Adelaide,1,0,24193,1315522,
Ballarat,1,0,105438,0,
Brisbane,1,0,1209322,2331913,
Cairns,1,0,163814,0,
CANBERRA,1,1,411667,411667,
Canberra,1,0,470438,0,
Central Coast,1,0,339196,0,
Darwin,1,0,85914,134802,
Geelong,1,0,245751,261208,
Gold Coast,1,0,591356,606291,
Gold Coast,1,0,686213,0,
Adelaide,1,0,0,1334167,
Brisbane,1,0,0,2413457,
Darwin,1,0,0,148884,
Hobart,1,0,0,229088,
Melbourne,1,0,0,4843781,
Perth,1,0,0,2039041,
Sydney,1,0,0,5132355,
Hobart,1,0,52785,210338,
Melbourne,1,0,158923,4670461,
Newcastle,1,0,162358,171145,
Newcastle,1,0,243347,480422,
Perth,1,0,27340,2000767,
Sunshine Coast,1,0,311211,0,
Sydney,1,0,232926,4741249,
Toowoomba,1,0,166045,0,
Townsville,1,0,192988,0,
Wollongong,1,0,0,298431,
Cook Islands,0,,,,
RAROTONGA,1,1,13044,0,
Fiji,0,,,,
SUVA,1,1,74481,0,
French Polynesia,0,,,,
PAPEETE,1,1,25763,0,
Guam,0,,,,
AGANA,1,1,1051,0,
Kiribati,0,,,,
TARAWA,1,1,0,63017,
Marshall Islands,0,,,,
MAJURO,1,1,27797,0,
Micronesia,0,,,,
PALIKIR,1,1,6227,0,
New Caledonia,0,,,,
NOUMEA,1,1,99926,0,
New Zealand,0,,,,
Auckland,1,0,1695900,0,
Christchurch,1,0,388500,404600,
Dunedin,1,0,130700,0,
Hamilton,1,0,169300,241200,
Lower Hutt,1,0,105900,0,
Napier,1,0,0,134500,
Tauranga,1,0,135000,141600,
WELLINGTON,1,1,216300,418500,
Niue,0,,,,
ALOFI,1,1,639,0,
Northern Mariana Islands,0,,,,
GARAPAN,1,1,3983,0,
Palau,0,,,,
KOROR,1,1,0,11754,
Papua New Guinea,0,,,,
PORT MORESBY,1,1,364125,0,
Pitcairn,0,,,,
ADAMSTOWN,1,1,49,0,
Samoa,0,,,,
APIA,1,1,37391,0,
Solomon Islands,0,,,,
HONIARA,1,1,64609,80082,
Tonga,0,,,,
NUKU'ALOFA,1,1,0,35184,
Tuvalu,0,,,,
FUNAFUTI,1,1,6152,0,
Vanuatu,0,,,,
PORT VILA,1,1,44039,0,
Wallis and Futuna Islands,0,,,,
META,1,1,1126,0,